variable,regressor__n_estimators,regressor__max_depth,regressor__min_samples_split,regressor__min_samples_leaf,regressor__max_features,score,std,regressor
dwi_sin,100,None,2,1,sqrt,-0.4709301,0.06135831,RandomForestRegressor
dwi_sin,100,None,2,1,log2,-0.47079337,0.06016378,RandomForestRegressor
dwi_sin,100,None,2,4,sqrt,-0.47002834,0.06151006,RandomForestRegressor
dwi_sin,100,None,2,4,log2,-0.47242413,0.06118503,RandomForestRegressor
dwi_sin,100,None,10,1,sqrt,-0.46980048,0.06074532,RandomForestRegressor
dwi_sin,100,None,10,1,log2,-0.47099665,0.06154111,RandomForestRegressor
dwi_sin,100,None,10,4,sqrt,-0.46711095,0.06204333,RandomForestRegressor
dwi_sin,100,None,10,4,log2,-0.46816933,0.06300155,RandomForestRegressor
dwi_sin,100,20.0,2,1,sqrt,-0.46757839,0.06243992,RandomForestRegressor
dwi_sin,100,20.0,2,1,log2,-0.4674223,0.06086291,RandomForestRegressor
dwi_sin,100,20.0,2,4,sqrt,-0.4667208,0.06139248,RandomForestRegressor
dwi_sin,100,20.0,2,4,log2,-0.46665639,0.06263284,RandomForestRegressor
dwi_sin,100,20.0,10,1,sqrt,-0.47211243,0.06066133,RandomForestRegressor
dwi_sin,100,20.0,10,1,log2,-0.470314,0.06118315,RandomForestRegressor
dwi_sin,100,20.0,10,4,sqrt,-0.4698032,0.06185536,RandomForestRegressor
dwi_sin,100,20.0,10,4,log2,-0.47068447,0.06121692,RandomForestRegressor
dwi_sin,200,None,2,1,sqrt,-0.4700163,0.0617243,RandomForestRegressor
dwi_sin,200,None,2,1,log2,-0.47016273,0.06152479,RandomForestRegressor
dwi_sin,200,None,2,4,sqrt,-0.46708043,0.06099502,RandomForestRegressor
dwi_sin,200,None,2,4,log2,-0.46791625,0.06298372,RandomForestRegressor
dwi_sin,200,None,10,1,sqrt,-0.46588716,0.06218205,RandomForestRegressor
dwi_sin,200,None,10,1,log2,-0.46543268,0.06113738,RandomForestRegressor
dwi_sin,200,None,10,4,sqrt,-0.46612273,0.06290602,RandomForestRegressor
dwi_sin,200,None,10,4,log2,-0.46720841,0.06177119,RandomForestRegressor
dwi_sin,200,20.0,2,1,sqrt,-0.47195256,0.06226995,RandomForestRegressor
dwi_sin,200,20.0,2,1,log2,-0.47103776,0.0621755,RandomForestRegressor
dwi_sin,200,20.0,2,4,sqrt,-0.47059485,0.06116399,RandomForestRegressor
dwi_sin,200,20.0,2,4,log2,-0.47243649,0.06221948,RandomForestRegressor
dwi_sin,200,20.0,10,1,sqrt,-0.47045737,0.06039904,RandomForestRegressor
dwi_sin,200,20.0,10,1,log2,-0.47016072,0.06212061,RandomForestRegressor
dwi_sin,200,20.0,10,4,sqrt,-0.46826472,0.06226452,RandomForestRegressor
dwi_sin,200,20.0,10,4,log2,-0.46679712,0.06245999,RandomForestRegressor
dwi_sin,300,None,2,1,sqrt,-0.46755823,0.06205819,RandomForestRegressor
dwi_sin,300,None,2,1,log2,-0.46908613,0.06143886,RandomForestRegressor
dwi_sin,300,None,2,4,sqrt,-0.46693479,0.06283137,RandomForestRegressor
dwi_sin,300,None,2,4,log2,-0.46731506,0.0619537,RandomForestRegressor
dwi_sin,300,None,10,1,sqrt,-0.4725002,0.05963611,RandomForestRegressor
dwi_sin,300,None,10,1,log2,-0.47054472,0.06179532,RandomForestRegressor
dwi_sin,300,None,10,4,sqrt,-0.47043264,0.0601713,RandomForestRegressor
dwi_sin,300,None,10,4,log2,-0.47122858,0.06180571,RandomForestRegressor
dwi_sin,300,20.0,2,1,sqrt,-0.4695018,0.06102961,RandomForestRegressor
dwi_sin,300,20.0,2,1,log2,-0.46901466,0.06174377,RandomForestRegressor
dwi_sin,300,20.0,2,4,sqrt,-0.46779977,0.06298553,RandomForestRegressor
dwi_sin,300,20.0,2,4,log2,-0.46698843,0.06198938,RandomForestRegressor
dwi_sin,300,20.0,10,1,sqrt,-0.46740002,0.06240008,RandomForestRegressor
dwi_sin,300,20.0,10,1,log2,-0.4685521,0.06163262,RandomForestRegressor
dwi_sin,300,20.0,10,4,sqrt,-0.46689669,0.06214762,RandomForestRegressor
dwi_sin,300,20.0,10,4,log2,-0.46737141,0.06255716,RandomForestRegressor
dwi_sin,400,None,2,1,sqrt,-0.47098588,0.06093346,RandomForestRegressor
dwi_sin,400,None,2,1,log2,-0.4699195,0.06102487,RandomForestRegressor
dwi_sin,400,None,2,4,sqrt,-0.47062154,0.06123279,RandomForestRegressor
dwi_sin,400,None,2,4,log2,-0.47052242,0.0607198,RandomForestRegressor
dwi_sin,400,None,10,1,sqrt,-0.47014642,0.06072486,RandomForestRegressor
dwi_sin,400,None,10,1,log2,-0.47030136,0.06077405,RandomForestRegressor
dwi_sin,400,None,10,4,sqrt,-0.466983,0.06247062,RandomForestRegressor
dwi_sin,400,None,10,4,log2,-0.46765746,0.06231816,RandomForestRegressor
dwi_sin,400,20.0,2,1,sqrt,-0.46672943,0.06205853,RandomForestRegressor
dwi_sin,400,20.0,2,1,log2,-0.46736062,0.06236036,RandomForestRegressor
dwi_sin,400,20.0,2,4,sqrt,-0.46690665,0.06274278,RandomForestRegressor
dwi_sin,400,20.0,2,4,log2,-0.46723761,0.06233213,RandomForestRegressor
dwi_sin,400,20.0,10,1,sqrt,-0.46998617,0.06126929,RandomForestRegressor
dwi_sin,400,20.0,10,1,log2,-0.46990859,0.06159471,RandomForestRegressor
dwi_sin,400,20.0,10,4,sqrt,-0.46965175,0.0601726,RandomForestRegressor
dwi_sin,400,20.0,10,4,log2,-0.46889393,0.06103062,RandomForestRegressor
dwi_sin,500,None,2,1,sqrt,-0.46888706,0.06120805,RandomForestRegressor
dwi_sin,500,None,2,1,log2,-0.46908519,0.06207665,RandomForestRegressor
dwi_sin,500,None,2,4,sqrt,-0.46727687,0.06215595,RandomForestRegressor
dwi_sin,500,None,2,4,log2,-0.46689981,0.06212381,RandomForestRegressor
dwi_sin,500,None,10,1,sqrt,-0.46583969,0.0628197,RandomForestRegressor
dwi_sin,500,None,10,1,log2,-0.46660333,0.06249182,RandomForestRegressor
dwi_sin,500,None,10,4,sqrt,-0.46650081,0.06286716,RandomForestRegressor
dwi_sin,500,None,10,4,log2,-0.4664818,0.062503,RandomForestRegressor
dwi_sin,500,20.0,2,1,sqrt,-0.46975028,0.06108139,RandomForestRegressor
dwi_sin,500,20.0,2,1,log2,-0.47060119,0.06067375,RandomForestRegressor
dwi_sin,500,20.0,2,4,sqrt,-0.47032672,0.06048116,RandomForestRegressor
dwi_sin,500,20.0,2,4,log2,-0.47035706,0.0603786,RandomForestRegressor
dwi_sin,500,20.0,10,1,sqrt,-0.47081937,0.06133024,RandomForestRegressor
dwi_sin,500,20.0,10,1,log2,-0.46966575,0.0613279,RandomForestRegressor
dwi_sin,500,20.0,10,4,sqrt,-0.4672595,0.06193297,RandomForestRegressor
dwi_sin,500,20.0,10,4,log2,-0.4673197,0.06217684,RandomForestRegressor
dwi_sin,600,None,2,1,sqrt,-0.46712256,0.06220943,RandomForestRegressor
dwi_sin,600,None,2,1,log2,-0.46722005,0.06206803,RandomForestRegressor
dwi_sin,600,None,2,4,sqrt,-0.4672096,0.06242744,RandomForestRegressor
dwi_sin,600,None,2,4,log2,-0.46715393,0.06235974,RandomForestRegressor
dwi_sin,600,None,10,1,sqrt,-0.46970504,0.06155577,RandomForestRegressor
dwi_sin,600,None,10,1,log2,-0.47015587,0.06139568,RandomForestRegressor
dwi_sin,600,None,10,4,sqrt,-0.46952828,0.06179957,RandomForestRegressor
dwi_sin,600,None,10,4,log2,-0.46951877,0.0622351,RandomForestRegressor
dwi_sin,600,20.0,2,1,sqrt,-0.46954694,0.06131553,RandomForestRegressor
dwi_sin,600,20.0,2,1,log2,-0.46947743,0.06181753,RandomForestRegressor
dwi_sin,600,20.0,2,4,sqrt,-0.46677993,0.06262439,RandomForestRegressor
dwi_sin,600,20.0,2,4,log2,-0.46611404,0.06277667,RandomForestRegressor
dwi_sin,600,20.0,10,1,sqrt,-0.46639377,0.06213312,RandomForestRegressor
dwi_sin,600,20.0,10,1,log2,-0.4665306,0.0625333,RandomForestRegressor
dwi_sin,600,20.0,10,4,sqrt,-0.46588011,0.06192933,RandomForestRegressor
dwi_sin,600,20.0,10,4,log2,-0.46635391,0.06251481,RandomForestRegressor
dwi_cos,100,None,2,1,sqrt,-0.40742697,0.03770745,RandomForestRegressor
dwi_cos,100,None,2,1,log2,-0.40536744,0.03683526,RandomForestRegressor
dwi_cos,100,None,2,4,sqrt,-0.40612716,0.03668706,RandomForestRegressor
dwi_cos,100,None,2,4,log2,-0.40678354,0.03650504,RandomForestRegressor
dwi_cos,100,None,10,1,sqrt,-0.40556818,0.03630031,RandomForestRegressor
dwi_cos,100,None,10,1,log2,-0.40591692,0.03656489,RandomForestRegressor
dwi_cos,100,None,10,4,sqrt,-0.40574938,0.03761405,RandomForestRegressor
dwi_cos,100,None,10,4,log2,-0.40417416,0.03751539,RandomForestRegressor
dwi_cos,100,20.0,2,1,sqrt,-0.40475221,0.03702287,RandomForestRegressor
dwi_cos,100,20.0,2,1,log2,-0.40625058,0.03701294,RandomForestRegressor
dwi_cos,100,20.0,2,4,sqrt,-0.40455186,0.03759171,RandomForestRegressor
dwi_cos,100,20.0,2,4,log2,-0.40463977,0.0372048,RandomForestRegressor
dwi_cos,100,20.0,10,1,sqrt,-0.40850767,0.03593883,RandomForestRegressor
dwi_cos,100,20.0,10,1,log2,-0.40736096,0.0356543,RandomForestRegressor
dwi_cos,100,20.0,10,4,sqrt,-0.406959,0.03707227,RandomForestRegressor
dwi_cos,100,20.0,10,4,log2,-0.40645446,0.03828034,RandomForestRegressor
dwi_cos,200,None,2,1,sqrt,-0.40697811,0.03717717,RandomForestRegressor
dwi_cos,200,None,2,1,log2,-0.40604882,0.03698281,RandomForestRegressor
dwi_cos,200,None,2,4,sqrt,-0.40682949,0.0374435,RandomForestRegressor
dwi_cos,200,None,2,4,log2,-0.40579542,0.03730848,RandomForestRegressor
dwi_cos,200,None,10,1,sqrt,-0.4058569,0.03691003,RandomForestRegressor
dwi_cos,200,None,10,1,log2,-0.4072112,0.03745928,RandomForestRegressor
dwi_cos,200,None,10,4,sqrt,-0.40619543,0.03647055,RandomForestRegressor
dwi_cos,200,None,10,4,log2,-0.4063302,0.03743632,RandomForestRegressor
dwi_cos,200,20.0,2,1,sqrt,-0.40658082,0.03727799,RandomForestRegressor
dwi_cos,200,20.0,2,1,log2,-0.40562397,0.03758594,RandomForestRegressor
dwi_cos,200,20.0,2,4,sqrt,-0.40562342,0.03650679,RandomForestRegressor
dwi_cos,200,20.0,2,4,log2,-0.40671823,0.0374578,RandomForestRegressor
dwi_cos,200,20.0,10,1,sqrt,-0.40508776,0.03694304,RandomForestRegressor
dwi_cos,200,20.0,10,1,log2,-0.405077,0.03745238,RandomForestRegressor
dwi_cos,200,20.0,10,4,sqrt,-0.40686059,0.03637079,RandomForestRegressor
dwi_cos,200,20.0,10,4,log2,-0.40568931,0.0373208,RandomForestRegressor
dwi_cos,300,None,2,1,sqrt,-0.40546848,0.03758839,RandomForestRegressor
dwi_cos,300,None,2,1,log2,-0.40624958,0.03708506,RandomForestRegressor
dwi_cos,300,None,2,4,sqrt,-0.40563189,0.03816851,RandomForestRegressor
dwi_cos,300,None,2,4,log2,-0.40466876,0.03693558,RandomForestRegressor
dwi_cos,300,None,10,1,sqrt,-0.40790245,0.0372785,RandomForestRegressor
dwi_cos,300,None,10,1,log2,-0.40721665,0.03705599,RandomForestRegressor
dwi_cos,300,None,10,4,sqrt,-0.40623118,0.03642983,RandomForestRegressor
dwi_cos,300,None,10,4,log2,-0.40746515,0.03652062,RandomForestRegressor
dwi_cos,300,20.0,2,1,sqrt,-0.40617254,0.0375779,RandomForestRegressor
dwi_cos,300,20.0,2,1,log2,-0.40677366,0.03682952,RandomForestRegressor
dwi_cos,300,20.0,2,4,sqrt,-0.40543174,0.03729856,RandomForestRegressor
dwi_cos,300,20.0,2,4,log2,-0.40697915,0.0375028,RandomForestRegressor
dwi_cos,300,20.0,10,1,sqrt,-0.40620687,0.03694248,RandomForestRegressor
dwi_cos,300,20.0,10,1,log2,-0.40634744,0.03708723,RandomForestRegressor
dwi_cos,300,20.0,10,4,sqrt,-0.40608839,0.0382211,RandomForestRegressor
dwi_cos,300,20.0,10,4,log2,-0.4057791,0.03729102,RandomForestRegressor
dwi_cos,400,None,2,1,sqrt,-0.40530815,0.03681498,RandomForestRegressor
dwi_cos,400,None,2,1,log2,-0.40520144,0.03653865,RandomForestRegressor
dwi_cos,400,None,2,4,sqrt,-0.40487611,0.03712068,RandomForestRegressor
dwi_cos,400,None,2,4,log2,-0.40525986,0.03620348,RandomForestRegressor
dwi_cos,400,None,10,1,sqrt,-0.40444357,0.03749083,RandomForestRegressor
dwi_cos,400,None,10,1,log2,-0.40486164,0.0367784,RandomForestRegressor
dwi_cos,400,None,10,4,sqrt,-0.40460866,0.03729794,RandomForestRegressor
dwi_cos,400,None,10,4,log2,-0.40464512,0.03780248,RandomForestRegressor
dwi_cos,400,20.0,2,1,sqrt,-0.40453481,0.03705239,RandomForestRegressor
dwi_cos,400,20.0,2,1,log2,-0.40518717,0.03633078,RandomForestRegressor
dwi_cos,400,20.0,2,4,sqrt,-0.40473708,0.03698202,RandomForestRegressor
dwi_cos,400,20.0,2,4,log2,-0.40453093,0.03758392,RandomForestRegressor
dwi_cos,400,20.0,10,1,sqrt,-0.40629721,0.03746874,RandomForestRegressor
dwi_cos,400,20.0,10,1,log2,-0.40600518,0.03690621,RandomForestRegressor
dwi_cos,400,20.0,10,4,sqrt,-0.40595547,0.03705283,RandomForestRegressor
dwi_cos,400,20.0,10,4,log2,-0.40560448,0.03752203,RandomForestRegressor
dwi_cos,500,None,2,1,sqrt,-0.40590253,0.03712972,RandomForestRegressor
dwi_cos,500,None,2,1,log2,-0.40609289,0.03683475,RandomForestRegressor
dwi_cos,500,None,2,4,sqrt,-0.40590584,0.03735758,RandomForestRegressor
dwi_cos,500,None,2,4,log2,-0.40539907,0.03738313,RandomForestRegressor
dwi_cos,500,None,10,1,sqrt,-0.40582741,0.03723654,RandomForestRegressor
dwi_cos,500,None,10,1,log2,-0.40594741,0.03747103,RandomForestRegressor
dwi_cos,500,None,10,4,sqrt,-0.40557123,0.03779685,RandomForestRegressor
dwi_cos,500,None,10,4,log2,-0.40556779,0.03714622,RandomForestRegressor
dwi_cos,500,20.0,2,1,sqrt,-0.40544992,0.03690928,RandomForestRegressor
dwi_cos,500,20.0,2,1,log2,-0.40518804,0.03705407,RandomForestRegressor
dwi_cos,500,20.0,2,4,sqrt,-0.40506614,0.03716465,RandomForestRegressor
dwi_cos,500,20.0,2,4,log2,-0.40558319,0.03764671,RandomForestRegressor
dwi_cos,500,20.0,10,1,sqrt,-0.40473876,0.03698471,RandomForestRegressor
dwi_cos,500,20.0,10,1,log2,-0.40491734,0.03745995,RandomForestRegressor
dwi_cos,500,20.0,10,4,sqrt,-0.40438095,0.0373462,RandomForestRegressor
dwi_cos,500,20.0,10,4,log2,-0.40478906,0.0371222,RandomForestRegressor
dwi_cos,600,None,2,1,sqrt,-0.40499411,0.03730623,RandomForestRegressor
dwi_cos,600,None,2,1,log2,-0.4049082,0.03772377,RandomForestRegressor
dwi_cos,600,None,2,4,sqrt,-0.40449297,0.03712393,RandomForestRegressor
dwi_cos,600,None,2,4,log2,-0.40499379,0.03725427,RandomForestRegressor
dwi_cos,600,None,10,1,sqrt,-0.40621497,0.03631485,RandomForestRegressor
dwi_cos,600,None,10,1,log2,-0.40596463,0.03714351,RandomForestRegressor
dwi_cos,600,None,10,4,sqrt,-0.40576254,0.0371792,RandomForestRegressor
dwi_cos,600,None,10,4,log2,-0.40568208,0.03720635,RandomForestRegressor
dwi_cos,600,20.0,2,1,sqrt,-0.40599333,0.03667759,RandomForestRegressor
dwi_cos,600,20.0,2,1,log2,-0.4054397,0.0369919,RandomForestRegressor
dwi_cos,600,20.0,2,4,sqrt,-0.40493151,0.03705008,RandomForestRegressor
dwi_cos,600,20.0,2,4,log2,-0.40598085,0.03762476,RandomForestRegressor
dwi_cos,600,20.0,10,1,sqrt,-0.40566853,0.03707208,RandomForestRegressor
dwi_cos,600,20.0,10,1,log2,-0.40583135,0.03663887,RandomForestRegressor
dwi_cos,600,20.0,10,4,sqrt,-0.40567514,0.03744065,RandomForestRegressor
dwi_cos,600,20.0,10,4,log2,-0.40556146,0.03740981,RandomForestRegressor
wind_max,100,None,2,1,sqrt,-2.34208962,0.36558869,RandomForestRegressor
wind_max,100,None,2,1,log2,-2.321456,0.37110187,RandomForestRegressor
wind_max,100,None,2,4,sqrt,-2.32712571,0.36479642,RandomForestRegressor
wind_max,100,None,2,4,log2,-2.33742827,0.37500526,RandomForestRegressor
wind_max,100,None,10,1,sqrt,-2.34076018,0.3654306,RandomForestRegressor
wind_max,100,None,10,1,log2,-2.34078826,0.3711422,RandomForestRegressor
wind_max,100,None,10,4,sqrt,-2.34109692,0.35813586,RandomForestRegressor
wind_max,100,None,10,4,log2,-2.32666865,0.35803202,RandomForestRegressor
wind_max,100,20.0,2,1,sqrt,-2.3256808,0.36059288,RandomForestRegressor
wind_max,100,20.0,2,1,log2,-2.33484344,0.35720435,RandomForestRegressor
wind_max,100,20.0,2,4,sqrt,-2.32332203,0.36932067,RandomForestRegressor
wind_max,100,20.0,2,4,log2,-2.32574538,0.36755215,RandomForestRegressor
wind_max,100,20.0,10,1,sqrt,-2.33281987,0.37309641,RandomForestRegressor
wind_max,100,20.0,10,1,log2,-2.32698024,0.36410498,RandomForestRegressor
wind_max,100,20.0,10,4,sqrt,-2.31938326,0.36958972,RandomForestRegressor
wind_max,100,20.0,10,4,log2,-2.3216904,0.37267989,RandomForestRegressor
wind_max,200,None,2,1,sqrt,-2.32964242,0.37554418,RandomForestRegressor
wind_max,200,None,2,1,log2,-2.32278846,0.36904065,RandomForestRegressor
wind_max,200,None,2,4,sqrt,-2.32119631,0.37012945,RandomForestRegressor
wind_max,200,None,2,4,log2,-2.32046276,0.36818942,RandomForestRegressor
wind_max,200,None,10,1,sqrt,-2.31862824,0.37012676,RandomForestRegressor
wind_max,200,None,10,1,log2,-2.3295622,0.36240737,RandomForestRegressor
wind_max,200,None,10,4,sqrt,-2.3244498,0.36412797,RandomForestRegressor
wind_max,200,None,10,4,log2,-2.31349176,0.36729551,RandomForestRegressor
wind_max,200,20.0,2,1,sqrt,-2.33920822,0.36844136,RandomForestRegressor
wind_max,200,20.0,2,1,log2,-2.33789048,0.36870885,RandomForestRegressor
wind_max,200,20.0,2,4,sqrt,-2.328855,0.37540241,RandomForestRegressor
wind_max,200,20.0,2,4,log2,-2.32943897,0.3763047,RandomForestRegressor
wind_max,200,20.0,10,1,sqrt,-2.32920523,0.37333875,RandomForestRegressor
wind_max,200,20.0,10,1,log2,-2.33520344,0.37036019,RandomForestRegressor
wind_max,200,20.0,10,4,sqrt,-2.33729576,0.36668047,RandomForestRegressor
wind_max,200,20.0,10,4,log2,-2.33995671,0.36357693,RandomForestRegressor
wind_max,300,None,2,1,sqrt,-2.32552667,0.35638795,RandomForestRegressor
wind_max,300,None,2,1,log2,-2.34515783,0.36653248,RandomForestRegressor
wind_max,300,None,2,4,sqrt,-2.32567887,0.35848628,RandomForestRegressor
wind_max,300,None,2,4,log2,-2.32228533,0.36336005,RandomForestRegressor
wind_max,300,None,10,1,sqrt,-2.33886307,0.37335861,RandomForestRegressor
wind_max,300,None,10,1,log2,-2.325277,0.36849085,RandomForestRegressor
wind_max,300,None,10,4,sqrt,-2.32203186,0.37640765,RandomForestRegressor
wind_max,300,None,10,4,log2,-2.32682469,0.36820807,RandomForestRegressor
wind_max,300,20.0,2,1,sqrt,-2.3221919,0.37145658,RandomForestRegressor
wind_max,300,20.0,2,1,log2,-2.32566358,0.37329543,RandomForestRegressor
wind_max,300,20.0,2,4,sqrt,-2.32698804,0.36721154,RandomForestRegressor
wind_max,300,20.0,2,4,log2,-2.32190297,0.36815109,RandomForestRegressor
wind_max,300,20.0,10,1,sqrt,-2.31864125,0.36686633,RandomForestRegressor
wind_max,300,20.0,10,1,log2,-2.32049732,0.37094929,RandomForestRegressor
wind_max,300,20.0,10,4,sqrt,-2.31958313,0.37167605,RandomForestRegressor
wind_max,300,20.0,10,4,log2,-2.3130162,0.37165103,RandomForestRegressor
wind_max,400,None,2,1,sqrt,-2.33377082,0.36380316,RandomForestRegressor
wind_max,400,None,2,1,log2,-2.33015412,0.37171592,RandomForestRegressor
wind_max,400,None,2,4,sqrt,-2.33194152,0.36819645,RandomForestRegressor
wind_max,400,None,2,4,log2,-2.33038312,0.36324879,RandomForestRegressor
wind_max,400,None,10,1,sqrt,-2.3387503,0.3672188,RandomForestRegressor
wind_max,400,None,10,1,log2,-2.33293646,0.3703775,RandomForestRegressor
wind_max,400,None,10,4,sqrt,-2.3270284,0.36394472,RandomForestRegressor
wind_max,400,None,10,4,log2,-2.32871206,0.35985185,RandomForestRegressor
wind_max,400,20.0,2,1,sqrt,-2.32703424,0.36286116,RandomForestRegressor
wind_max,400,20.0,2,1,log2,-2.33014395,0.3582332,RandomForestRegressor
wind_max,400,20.0,2,4,sqrt,-2.3256749,0.36105131,RandomForestRegressor
wind_max,400,20.0,2,4,log2,-2.32354547,0.3591314,RandomForestRegressor
wind_max,400,20.0,10,1,sqrt,-2.32355242,0.36312154,RandomForestRegressor
wind_max,400,20.0,10,1,log2,-2.32254733,0.37524251,RandomForestRegressor
wind_max,400,20.0,10,4,sqrt,-2.32229175,0.37474005,RandomForestRegressor
wind_max,400,20.0,10,4,log2,-2.33008195,0.37099772,RandomForestRegressor
wind_max,500,None,2,1,sqrt,-2.32174658,0.37049096,RandomForestRegressor
wind_max,500,None,2,1,log2,-2.32654351,0.36783973,RandomForestRegressor
wind_max,500,None,2,4,sqrt,-2.31845223,0.36595445,RandomForestRegressor
wind_max,500,None,2,4,log2,-2.31883744,0.36574282,RandomForestRegressor
wind_max,500,None,10,1,sqrt,-2.32106429,0.36336853,RandomForestRegressor
wind_max,500,None,10,1,log2,-2.32046167,0.36493611,RandomForestRegressor
wind_max,500,None,10,4,sqrt,-2.3202158,0.36609577,RandomForestRegressor
wind_max,500,None,10,4,log2,-2.32011283,0.3627533,RandomForestRegressor
wind_max,500,20.0,2,1,sqrt,-2.32406544,0.36103297,RandomForestRegressor
wind_max,500,20.0,2,1,log2,-2.32833068,0.3705685,RandomForestRegressor
wind_max,500,20.0,2,4,sqrt,-2.33117572,0.36711779,RandomForestRegressor
wind_max,500,20.0,2,4,log2,-2.32978255,0.36672446,RandomForestRegressor
wind_max,500,20.0,10,1,sqrt,-2.33122441,0.3675295,RandomForestRegressor
wind_max,500,20.0,10,1,log2,-2.33496042,0.36264333,RandomForestRegressor
wind_max,500,20.0,10,4,sqrt,-2.32696385,0.36181939,RandomForestRegressor
wind_max,500,20.0,10,4,log2,-2.32323079,0.36004797,RandomForestRegressor
wind_max,600,None,2,1,sqrt,-2.32663515,0.36359965,RandomForestRegressor
wind_max,600,None,2,1,log2,-2.3242755,0.36152604,RandomForestRegressor
wind_max,600,None,2,4,sqrt,-2.32739744,0.36477546,RandomForestRegressor
wind_max,600,None,2,4,log2,-2.32821266,0.36370716,RandomForestRegressor
wind_max,600,None,10,1,sqrt,-2.32264415,0.37177625,RandomForestRegressor
wind_max,600,None,10,1,log2,-2.3210293,0.36628842,RandomForestRegressor
wind_max,600,None,10,4,sqrt,-2.32248219,0.37632132,RandomForestRegressor
wind_max,600,None,10,4,log2,-2.32760101,0.36970974,RandomForestRegressor
wind_max,600,20.0,2,1,sqrt,-2.32539982,0.36993727,RandomForestRegressor
wind_max,600,20.0,2,1,log2,-2.32467287,0.3724582,RandomForestRegressor
wind_max,600,20.0,2,4,sqrt,-2.3246144,0.36381632,RandomForestRegressor
wind_max,600,20.0,2,4,log2,-2.32048738,0.36520766,RandomForestRegressor
wind_max,600,20.0,10,1,sqrt,-2.32007311,0.36498511,RandomForestRegressor
wind_max,600,20.0,10,1,log2,-2.31888176,0.36234491,RandomForestRegressor
wind_max,600,20.0,10,4,sqrt,-2.31674932,0.36315476,RandomForestRegressor
wind_max,600,20.0,10,4,log2,-2.32842902,0.36347272,RandomForestRegressor
wind_med,100,None,2,1,sqrt,-2.03633677,0.3962907,RandomForestRegressor
wind_med,100,None,2,1,log2,-2.03022231,0.39310421,RandomForestRegressor
wind_med,100,None,2,4,sqrt,-2.02746489,0.39028902,RandomForestRegressor
wind_med,100,None,2,4,log2,-2.03175604,0.38844864,RandomForestRegressor
wind_med,100,None,10,1,sqrt,-2.03422314,0.39201466,RandomForestRegressor
wind_med,100,None,10,1,log2,-2.03157692,0.39058747,RandomForestRegressor
wind_med,100,None,10,4,sqrt,-2.02161459,0.39526463,RandomForestRegressor
wind_med,100,None,10,4,log2,-2.02449344,0.39364107,RandomForestRegressor
wind_med,100,20.0,2,1,sqrt,-2.01700341,0.39874487,RandomForestRegressor
wind_med,100,20.0,2,1,log2,-2.03740515,0.39225411,RandomForestRegressor
wind_med,100,20.0,2,4,sqrt,-2.02246502,0.3961663,RandomForestRegressor
wind_med,100,20.0,2,4,log2,-2.01677524,0.39663277,RandomForestRegressor
wind_med,100,20.0,10,1,sqrt,-2.03664927,0.39741096,RandomForestRegressor
wind_med,100,20.0,10,1,log2,-2.02408571,0.39819898,RandomForestRegressor
wind_med,100,20.0,10,4,sqrt,-2.02383821,0.39833897,RandomForestRegressor
wind_med,100,20.0,10,4,log2,-2.03098472,0.38903344,RandomForestRegressor
wind_med,200,None,2,1,sqrt,-2.02326363,0.3967074,RandomForestRegressor
wind_med,200,None,2,1,log2,-2.02673663,0.39761624,RandomForestRegressor
wind_med,200,None,2,4,sqrt,-2.01299992,0.39815878,RandomForestRegressor
wind_med,200,None,2,4,log2,-2.01790856,0.40131404,RandomForestRegressor
wind_med,200,None,10,1,sqrt,-2.01381775,0.39864625,RandomForestRegressor
wind_med,200,None,10,1,log2,-2.02435198,0.40347823,RandomForestRegressor
wind_med,200,None,10,4,sqrt,-2.02238525,0.39960802,RandomForestRegressor
wind_med,200,None,10,4,log2,-2.01924528,0.39831854,RandomForestRegressor
wind_med,200,20.0,2,1,sqrt,-2.02865396,0.40006964,RandomForestRegressor
wind_med,200,20.0,2,1,log2,-2.03027375,0.38846058,RandomForestRegressor
wind_med,200,20.0,2,4,sqrt,-2.02879177,0.38969129,RandomForestRegressor
wind_med,200,20.0,2,4,log2,-2.03684134,0.39206382,RandomForestRegressor
wind_med,200,20.0,10,1,sqrt,-2.03304271,0.38923836,RandomForestRegressor
wind_med,200,20.0,10,1,log2,-2.02572225,0.3903145,RandomForestRegressor
wind_med,200,20.0,10,4,sqrt,-2.0317146,0.39393896,RandomForestRegressor
wind_med,200,20.0,10,4,log2,-2.01514905,0.3969088,RandomForestRegressor
wind_med,300,None,2,1,sqrt,-2.01989566,0.3915614,RandomForestRegressor
wind_med,300,None,2,1,log2,-2.02267093,0.39582514,RandomForestRegressor
wind_med,300,None,2,4,sqrt,-2.02686029,0.39160871,RandomForestRegressor
wind_med,300,None,2,4,log2,-2.02036935,0.39635522,RandomForestRegressor
wind_med,300,None,10,1,sqrt,-2.02790134,0.4003848,RandomForestRegressor
wind_med,300,None,10,1,log2,-2.0237477,0.39911124,RandomForestRegressor
wind_med,300,None,10,4,sqrt,-2.02390426,0.40174494,RandomForestRegressor
wind_med,300,None,10,4,log2,-2.03100786,0.39297958,RandomForestRegressor
wind_med,300,20.0,2,1,sqrt,-2.03018069,0.39765449,RandomForestRegressor
wind_med,300,20.0,2,1,log2,-2.02186011,0.39922555,RandomForestRegressor
wind_med,300,20.0,2,4,sqrt,-2.02007098,0.39840311,RandomForestRegressor
wind_med,300,20.0,2,4,log2,-2.0196976,0.40370011,RandomForestRegressor
wind_med,300,20.0,10,1,sqrt,-2.0176905,0.3983989,RandomForestRegressor
wind_med,300,20.0,10,1,log2,-2.0260154,0.38742862,RandomForestRegressor
wind_med,300,20.0,10,4,sqrt,-2.0158388,0.40261118,RandomForestRegressor
wind_med,300,20.0,10,4,log2,-2.01744831,0.39792842,RandomForestRegressor
wind_med,400,None,2,1,sqrt,-2.02496785,0.39780878,RandomForestRegressor
wind_med,400,None,2,1,log2,-2.02447461,0.39261922,RandomForestRegressor
wind_med,400,None,2,4,sqrt,-2.02691508,0.39219439,RandomForestRegressor
wind_med,400,None,2,4,log2,-2.02738592,0.39268602,RandomForestRegressor
wind_med,400,None,10,1,sqrt,-2.02769695,0.39091639,RandomForestRegressor
wind_med,400,None,10,1,log2,-2.02921196,0.393975,RandomForestRegressor
wind_med,400,None,10,4,sqrt,-2.0197792,0.39647635,RandomForestRegressor
wind_med,400,None,10,4,log2,-2.02018703,0.39999134,RandomForestRegressor
wind_med,400,20.0,2,1,sqrt,-2.0194674,0.39689134,RandomForestRegressor
wind_med,400,20.0,2,1,log2,-2.02303411,0.39069723,RandomForestRegressor
wind_med,400,20.0,2,4,sqrt,-2.02327769,0.39823489,RandomForestRegressor
wind_med,400,20.0,2,4,log2,-2.01882831,0.39586403,RandomForestRegressor
wind_med,400,20.0,10,1,sqrt,-2.02246431,0.39978467,RandomForestRegressor
wind_med,400,20.0,10,1,log2,-2.02144891,0.39764432,RandomForestRegressor
wind_med,400,20.0,10,4,sqrt,-2.0191257,0.4007343,RandomForestRegressor
wind_med,400,20.0,10,4,log2,-2.02809271,0.39522719,RandomForestRegressor
wind_med,500,None,2,1,sqrt,-2.02656309,0.39523421,RandomForestRegressor
wind_med,500,None,2,1,log2,-2.02134957,0.39539176,RandomForestRegressor
wind_med,500,None,2,4,sqrt,-2.02077783,0.39852748,RandomForestRegressor
wind_med,500,None,2,4,log2,-2.01561551,0.40011812,RandomForestRegressor
wind_med,500,None,10,1,sqrt,-2.01482598,0.40384715,RandomForestRegressor
wind_med,500,None,10,1,log2,-2.01546274,0.39806154,RandomForestRegressor
wind_med,500,None,10,4,sqrt,-2.01788035,0.40138627,RandomForestRegressor
wind_med,500,None,10,4,log2,-2.01537932,0.40133629,RandomForestRegressor
wind_med,500,20.0,2,1,sqrt,-2.02624833,0.39303256,RandomForestRegressor
wind_med,500,20.0,2,1,log2,-2.02138727,0.39693089,RandomForestRegressor
wind_med,500,20.0,2,4,sqrt,-2.02080412,0.39466931,RandomForestRegressor
wind_med,500,20.0,2,4,log2,-2.02605805,0.39532045,RandomForestRegressor
wind_med,500,20.0,10,1,sqrt,-2.02694751,0.39536074,RandomForestRegressor
wind_med,500,20.0,10,1,log2,-2.02510203,0.39440764,RandomForestRegressor
wind_med,500,20.0,10,4,sqrt,-2.01881402,0.39499377,RandomForestRegressor
wind_med,500,20.0,10,4,log2,-2.02199388,0.39865491,RandomForestRegressor
wind_med,600,None,2,1,sqrt,-2.01836567,0.39756882,RandomForestRegressor
wind_med,600,None,2,1,log2,-2.02317434,0.39918478,RandomForestRegressor
wind_med,600,None,2,4,sqrt,-2.01839163,0.39520253,RandomForestRegressor
wind_med,600,None,2,4,log2,-2.02272412,0.39387521,RandomForestRegressor
wind_med,600,None,10,1,sqrt,-2.02061895,0.39847736,RandomForestRegressor
wind_med,600,None,10,1,log2,-2.02111281,0.39952505,RandomForestRegressor
wind_med,600,None,10,4,sqrt,-2.02328201,0.39679794,RandomForestRegressor
wind_med,600,None,10,4,log2,-2.02208048,0.39492647,RandomForestRegressor
wind_med,600,20.0,2,1,sqrt,-2.02237339,0.39843083,RandomForestRegressor
wind_med,600,20.0,2,1,log2,-2.02190697,0.39539118,RandomForestRegressor
wind_med,600,20.0,2,4,sqrt,-2.01845273,0.40085983,RandomForestRegressor
wind_med,600,20.0,2,4,log2,-2.01627247,0.4019017,RandomForestRegressor
wind_med,600,20.0,10,1,sqrt,-2.01583662,0.40174102,RandomForestRegressor
wind_med,600,20.0,10,1,log2,-2.01527333,0.40334593,RandomForestRegressor
wind_med,600,20.0,10,4,sqrt,-2.01356088,0.40175524,RandomForestRegressor
wind_med,600,20.0,10,4,log2,-2.01668399,0.40261468,RandomForestRegressor
shww_max,100,None,2,1,sqrt,-0.91562923,0.39790748,RandomForestRegressor
shww_max,100,None,2,1,log2,-0.91926284,0.39677537,RandomForestRegressor
shww_max,100,None,2,4,sqrt,-0.9141652,0.39722048,RandomForestRegressor
shww_max,100,None,2,4,log2,-0.92556814,0.40215804,RandomForestRegressor
shww_max,100,None,10,1,sqrt,-0.91969605,0.39952664,RandomForestRegressor
shww_max,100,None,10,1,log2,-0.91459551,0.39481762,RandomForestRegressor
shww_max,100,None,10,4,sqrt,-0.90851412,0.39720551,RandomForestRegressor
shww_max,100,None,10,4,log2,-0.90805911,0.3969267,RandomForestRegressor
shww_max,100,20.0,2,1,sqrt,-0.90507587,0.39544952,RandomForestRegressor
shww_max,100,20.0,2,1,log2,-0.90575734,0.3963391,RandomForestRegressor
shww_max,100,20.0,2,4,sqrt,-0.90288263,0.39421721,RandomForestRegressor
shww_max,100,20.0,2,4,log2,-0.90583973,0.39744425,RandomForestRegressor
shww_max,100,20.0,10,1,sqrt,-0.91701828,0.40290957,RandomForestRegressor
shww_max,100,20.0,10,1,log2,-0.91392068,0.39839627,RandomForestRegressor
shww_max,100,20.0,10,4,sqrt,-0.91147584,0.40080964,RandomForestRegressor
shww_max,100,20.0,10,4,log2,-0.91989828,0.40027938,RandomForestRegressor
shww_max,200,None,2,1,sqrt,-0.91386938,0.39822391,RandomForestRegressor
shww_max,200,None,2,1,log2,-0.91000584,0.39711953,RandomForestRegressor
shww_max,200,None,2,4,sqrt,-0.91009353,0.40140298,RandomForestRegressor
shww_max,200,None,2,4,log2,-0.90180905,0.39861479,RandomForestRegressor
shww_max,200,None,10,1,sqrt,-0.90521639,0.40004958,RandomForestRegressor
shww_max,200,None,10,1,log2,-0.90742763,0.40371364,RandomForestRegressor
shww_max,200,None,10,4,sqrt,-0.90268514,0.39523808,RandomForestRegressor
shww_max,200,None,10,4,log2,-0.90421756,0.39893932,RandomForestRegressor
shww_max,200,20.0,2,1,sqrt,-0.92088471,0.40469922,RandomForestRegressor
shww_max,200,20.0,2,1,log2,-0.91578683,0.40142943,RandomForestRegressor
shww_max,200,20.0,2,4,sqrt,-0.91742563,0.40177963,RandomForestRegressor
shww_max,200,20.0,2,4,log2,-0.91789026,0.39974281,RandomForestRegressor
shww_max,200,20.0,10,1,sqrt,-0.92017752,0.39673748,RandomForestRegressor
shww_max,200,20.0,10,1,log2,-0.91732545,0.39515607,RandomForestRegressor
shww_max,200,20.0,10,4,sqrt,-0.90811556,0.3979968,RandomForestRegressor
shww_max,200,20.0,10,4,log2,-0.90794761,0.39533667,RandomForestRegressor
shww_max,300,None,2,1,sqrt,-0.9087178,0.39638906,RandomForestRegressor
shww_max,300,None,2,1,log2,-0.90763505,0.40232243,RandomForestRegressor
shww_max,300,None,2,4,sqrt,-0.90391051,0.39280341,RandomForestRegressor
shww_max,300,None,2,4,log2,-0.9069258,0.39740652,RandomForestRegressor
shww_max,300,None,10,1,sqrt,-0.91889012,0.41029712,RandomForestRegressor
shww_max,300,None,10,1,log2,-0.91518098,0.40516073,RandomForestRegressor
shww_max,300,None,10,4,sqrt,-0.91118166,0.40392094,RandomForestRegressor
shww_max,300,None,10,4,log2,-0.91603704,0.3977352,RandomForestRegressor
shww_max,300,20.0,2,1,sqrt,-0.91093978,0.39502456,RandomForestRegressor
shww_max,300,20.0,2,1,log2,-0.91399998,0.40149197,RandomForestRegressor
shww_max,300,20.0,2,4,sqrt,-0.90615564,0.39840877,RandomForestRegressor
shww_max,300,20.0,2,4,log2,-0.90567546,0.40142108,RandomForestRegressor
shww_max,300,20.0,10,1,sqrt,-0.90465798,0.40113034,RandomForestRegressor
shww_max,300,20.0,10,1,log2,-0.90793692,0.40122465,RandomForestRegressor
shww_max,300,20.0,10,4,sqrt,-0.90861484,0.40199494,RandomForestRegressor
shww_max,300,20.0,10,4,log2,-0.90477343,0.40162445,RandomForestRegressor
shww_max,400,None,2,1,sqrt,-0.91425052,0.39793963,RandomForestRegressor
shww_max,400,None,2,1,log2,-0.91519476,0.39740918,RandomForestRegressor
shww_max,400,None,2,4,sqrt,-0.91617136,0.39750588,RandomForestRegressor
shww_max,400,None,2,4,log2,-0.91343806,0.39628445,RandomForestRegressor
shww_max,400,None,10,1,sqrt,-0.9137502,0.39432147,RandomForestRegressor
shww_max,400,None,10,1,log2,-0.91597719,0.39471834,RandomForestRegressor
shww_max,400,None,10,4,sqrt,-0.90736081,0.39791438,RandomForestRegressor
shww_max,400,None,10,4,log2,-0.90516597,0.39838208,RandomForestRegressor
shww_max,400,20.0,2,1,sqrt,-0.90694977,0.3967968,RandomForestRegressor
shww_max,400,20.0,2,1,log2,-0.90486037,0.39684974,RandomForestRegressor
shww_max,400,20.0,2,4,sqrt,-0.90596082,0.3965413,RandomForestRegressor
shww_max,400,20.0,2,4,log2,-0.90397034,0.3951247,RandomForestRegressor
shww_max,400,20.0,10,1,sqrt,-0.91722513,0.40309645,RandomForestRegressor
shww_max,400,20.0,10,1,log2,-0.91336929,0.40005568,RandomForestRegressor
shww_max,400,20.0,10,4,sqrt,-0.91420835,0.40038647,RandomForestRegressor
shww_max,400,20.0,10,4,log2,-0.91252876,0.39965542,RandomForestRegressor
shww_max,500,None,2,1,sqrt,-0.91184118,0.39809398,RandomForestRegressor
shww_max,500,None,2,1,log2,-0.91347724,0.39961738,RandomForestRegressor
shww_max,500,None,2,4,sqrt,-0.90434961,0.40135033,RandomForestRegressor
shww_max,500,None,2,4,log2,-0.90494373,0.398743,RandomForestRegressor
shww_max,500,None,10,1,sqrt,-0.90384691,0.39899062,RandomForestRegressor
shww_max,500,None,10,1,log2,-0.9055083,0.40287167,RandomForestRegressor
shww_max,500,None,10,4,sqrt,-0.90364848,0.40062508,RandomForestRegressor
shww_max,500,None,10,4,log2,-0.90465919,0.39806493,RandomForestRegressor
shww_max,500,20.0,2,1,sqrt,-0.91658255,0.40123845,RandomForestRegressor
shww_max,500,20.0,2,1,log2,-0.91884727,0.39973785,RandomForestRegressor
shww_max,500,20.0,2,4,sqrt,-0.91615101,0.4001444,RandomForestRegressor
shww_max,500,20.0,2,4,log2,-0.91520743,0.39802802,RandomForestRegressor
shww_max,500,20.0,10,1,sqrt,-0.91482011,0.39739724,RandomForestRegressor
shww_max,500,20.0,10,1,log2,-0.91495009,0.39640943,RandomForestRegressor
shww_max,500,20.0,10,4,sqrt,-0.90782501,0.39839796,RandomForestRegressor
shww_max,500,20.0,10,4,log2,-0.90780593,0.39704307,RandomForestRegressor
shww_max,600,None,2,1,sqrt,-0.90668739,0.39737684,RandomForestRegressor
shww_max,600,None,2,1,log2,-0.90824719,0.39679156,RandomForestRegressor
shww_max,600,None,2,4,sqrt,-0.90548283,0.39585673,RandomForestRegressor
shww_max,600,None,2,4,log2,-0.90621469,0.39625967,RandomForestRegressor
shww_max,600,None,10,1,sqrt,-0.91338305,0.40128466,RandomForestRegressor
shww_max,600,None,10,1,log2,-0.90938242,0.39919931,RandomForestRegressor
shww_max,600,None,10,4,sqrt,-0.91254764,0.401418,RandomForestRegressor
shww_max,600,None,10,4,log2,-0.9103568,0.39808868,RandomForestRegressor
shww_max,600,20.0,2,1,sqrt,-0.91166162,0.39916563,RandomForestRegressor
shww_max,600,20.0,2,1,log2,-0.9111409,0.39736804,RandomForestRegressor
shww_max,600,20.0,2,4,sqrt,-0.90536512,0.39873071,RandomForestRegressor
shww_max,600,20.0,2,4,log2,-0.9074042,0.40212496,RandomForestRegressor
shww_max,600,20.0,10,1,sqrt,-0.90369298,0.39923664,RandomForestRegressor
shww_max,600,20.0,10,1,log2,-0.90444762,0.40028937,RandomForestRegressor
shww_max,600,20.0,10,4,sqrt,-0.90497763,0.40046837,RandomForestRegressor
shww_max,600,20.0,10,4,log2,-0.90408356,0.40276419,RandomForestRegressor
shww_med,100,None,2,1,sqrt,-0.70728304,0.34053912,RandomForestRegressor
shww_med,100,None,2,1,log2,-0.6995625,0.33384083,RandomForestRegressor
shww_med,100,None,2,4,sqrt,-0.69915283,0.32992423,RandomForestRegressor
shww_med,100,None,2,4,log2,-0.70413485,0.33393061,RandomForestRegressor
shww_med,100,None,10,1,sqrt,-0.69912642,0.3299703,RandomForestRegressor
shww_med,100,None,10,1,log2,-0.69954273,0.33204293,RandomForestRegressor
shww_med,100,None,10,4,sqrt,-0.69099426,0.33009953,RandomForestRegressor
shww_med,100,None,10,4,log2,-0.69212777,0.33354292,RandomForestRegressor
shww_med,100,20.0,2,1,sqrt,-0.69167245,0.33342896,RandomForestRegressor
shww_med,100,20.0,2,1,log2,-0.69326164,0.3330284,RandomForestRegressor
shww_med,100,20.0,2,4,sqrt,-0.68991666,0.32990077,RandomForestRegressor
shww_med,100,20.0,2,4,log2,-0.69095013,0.33202967,RandomForestRegressor
shww_med,100,20.0,10,1,sqrt,-0.69695073,0.33319628,RandomForestRegressor
shww_med,100,20.0,10,1,log2,-0.69542611,0.33217669,RandomForestRegressor
shww_med,100,20.0,10,4,sqrt,-0.6946581,0.33076675,RandomForestRegressor
shww_med,100,20.0,10,4,log2,-0.69801246,0.3325983,RandomForestRegressor
shww_med,200,None,2,1,sqrt,-0.69619714,0.33042425,RandomForestRegressor
shww_med,200,None,2,1,log2,-0.69371586,0.32840763,RandomForestRegressor
shww_med,200,None,2,4,sqrt,-0.68975706,0.33007141,RandomForestRegressor
shww_med,200,None,2,4,log2,-0.68869103,0.33038816,RandomForestRegressor
shww_med,200,None,10,1,sqrt,-0.6887577,0.33191077,RandomForestRegressor
shww_med,200,None,10,1,log2,-0.68799536,0.33114042,RandomForestRegressor
shww_med,200,None,10,4,sqrt,-0.6884903,0.32986188,RandomForestRegressor
shww_med,200,None,10,4,log2,-0.68966168,0.33138203,RandomForestRegressor
shww_med,200,20.0,2,1,sqrt,-0.70155888,0.33546432,RandomForestRegressor
shww_med,200,20.0,2,1,log2,-0.70046665,0.33468328,RandomForestRegressor
shww_med,200,20.0,2,4,sqrt,-0.69726669,0.33248548,RandomForestRegressor
shww_med,200,20.0,2,4,log2,-0.70153423,0.33686351,RandomForestRegressor
shww_med,200,20.0,10,1,sqrt,-0.69765654,0.33044842,RandomForestRegressor
shww_med,200,20.0,10,1,log2,-0.69904068,0.33153248,RandomForestRegressor
shww_med,200,20.0,10,4,sqrt,-0.68832613,0.32798557,RandomForestRegressor
shww_med,200,20.0,10,4,log2,-0.6889808,0.33136656,RandomForestRegressor
shww_med,300,None,2,1,sqrt,-0.69033238,0.33074215,RandomForestRegressor
shww_med,300,None,2,1,log2,-0.68831637,0.33158518,RandomForestRegressor
shww_med,300,None,2,4,sqrt,-0.6884563,0.33106308,RandomForestRegressor
shww_med,300,None,2,4,log2,-0.68774075,0.33219152,RandomForestRegressor
shww_med,300,None,10,1,sqrt,-0.69802271,0.33052204,RandomForestRegressor
shww_med,300,None,10,1,log2,-0.69695448,0.33218876,RandomForestRegressor
shww_med,300,None,10,4,sqrt,-0.6944052,0.33032852,RandomForestRegressor
shww_med,300,None,10,4,log2,-0.69828749,0.33145478,RandomForestRegressor
shww_med,300,20.0,2,1,sqrt,-0.69562812,0.33393105,RandomForestRegressor
shww_med,300,20.0,2,1,log2,-0.69567854,0.33032391,RandomForestRegressor
shww_med,300,20.0,2,4,sqrt,-0.68766665,0.33044419,RandomForestRegressor
shww_med,300,20.0,2,4,log2,-0.68735236,0.33026916,RandomForestRegressor
shww_med,300,20.0,10,1,sqrt,-0.6890128,0.33034629,RandomForestRegressor
shww_med,300,20.0,10,1,log2,-0.68559038,0.33175478,RandomForestRegressor
shww_med,300,20.0,10,4,sqrt,-0.68753044,0.32997021,RandomForestRegressor
shww_med,300,20.0,10,4,log2,-0.68604241,0.33029887,RandomForestRegressor
shww_med,400,None,2,1,sqrt,-0.69805696,0.33398165,RandomForestRegressor
shww_med,400,None,2,1,log2,-0.69792429,0.33405921,RandomForestRegressor
shww_med,400,None,2,4,sqrt,-0.69678125,0.33194388,RandomForestRegressor
shww_med,400,None,2,4,log2,-0.69855058,0.33016502,RandomForestRegressor
shww_med,400,None,10,1,sqrt,-0.69705942,0.33148085,RandomForestRegressor
shww_med,400,None,10,1,log2,-0.69845039,0.33188974,RandomForestRegressor
shww_med,400,None,10,4,sqrt,-0.69225689,0.33318264,RandomForestRegressor
shww_med,400,None,10,4,log2,-0.69028928,0.33230579,RandomForestRegressor
shww_med,400,20.0,2,1,sqrt,-0.69009936,0.33218211,RandomForestRegressor
shww_med,400,20.0,2,1,log2,-0.69141441,0.33138752,RandomForestRegressor
shww_med,400,20.0,2,4,sqrt,-0.68926434,0.33150366,RandomForestRegressor
shww_med,400,20.0,2,4,log2,-0.69078682,0.33183559,RandomForestRegressor
shww_med,400,20.0,10,1,sqrt,-0.69750689,0.33421756,RandomForestRegressor
shww_med,400,20.0,10,1,log2,-0.69640788,0.33218354,RandomForestRegressor
shww_med,400,20.0,10,4,sqrt,-0.69287246,0.33200106,RandomForestRegressor
shww_med,400,20.0,10,4,log2,-0.69511297,0.33197887,RandomForestRegressor
shww_med,500,None,2,1,sqrt,-0.6965443,0.33137589,RandomForestRegressor
shww_med,500,None,2,1,log2,-0.69506612,0.33116934,RandomForestRegressor
shww_med,500,None,2,4,sqrt,-0.68772513,0.33115329,RandomForestRegressor
shww_med,500,None,2,4,log2,-0.68644225,0.32931564,RandomForestRegressor
shww_med,500,None,10,1,sqrt,-0.68797892,0.33127667,RandomForestRegressor
shww_med,500,None,10,1,log2,-0.68702108,0.3309698,RandomForestRegressor
shww_med,500,None,10,4,sqrt,-0.68794968,0.33065142,RandomForestRegressor
shww_med,500,None,10,4,log2,-0.68793638,0.33201152,RandomForestRegressor
shww_med,500,20.0,2,1,sqrt,-0.69783088,0.33381154,RandomForestRegressor
shww_med,500,20.0,2,1,log2,-0.69811584,0.33335067,RandomForestRegressor
shww_med,500,20.0,2,4,sqrt,-0.69647523,0.33224621,RandomForestRegressor
shww_med,500,20.0,2,4,log2,-0.69828315,0.33334909,RandomForestRegressor
shww_med,500,20.0,10,1,sqrt,-0.69814933,0.33109461,RandomForestRegressor
shww_med,500,20.0,10,1,log2,-0.69820648,0.33255741,RandomForestRegressor
shww_med,500,20.0,10,4,sqrt,-0.68950615,0.33202589,RandomForestRegressor
shww_med,500,20.0,10,4,log2,-0.68892426,0.3300081,RandomForestRegressor
shww_med,600,None,2,1,sqrt,-0.69013373,0.33130797,RandomForestRegressor
shww_med,600,None,2,1,log2,-0.69054441,0.33219612,RandomForestRegressor
shww_med,600,None,2,4,sqrt,-0.68953297,0.33122789,RandomForestRegressor
shww_med,600,None,2,4,log2,-0.6895223,0.33064189,RandomForestRegressor
shww_med,600,None,10,1,sqrt,-0.69462942,0.33439402,RandomForestRegressor
shww_med,600,None,10,1,log2,-0.69467439,0.33290027,RandomForestRegressor
shww_med,600,None,10,4,sqrt,-0.69461041,0.33263987,RandomForestRegressor
shww_med,600,None,10,4,log2,-0.69400372,0.33172799,RandomForestRegressor
shww_med,600,20.0,2,1,sqrt,-0.69374339,0.3313037,RandomForestRegressor
shww_med,600,20.0,2,1,log2,-0.69523987,0.3321186,RandomForestRegressor
shww_med,600,20.0,2,4,sqrt,-0.68842518,0.33175385,RandomForestRegressor
shww_med,600,20.0,2,4,log2,-0.68850306,0.33097074,RandomForestRegressor
shww_med,600,20.0,10,1,sqrt,-0.68771586,0.33091907,RandomForestRegressor
shww_med,600,20.0,10,1,log2,-0.68973998,0.33136308,RandomForestRegressor
shww_med,600,20.0,10,4,sqrt,-0.68718086,0.33112255,RandomForestRegressor
shww_med,600,20.0,10,4,log2,-0.68692793,0.32940498,RandomForestRegressor
mdts_sin,100,None,2,1,sqrt,-0.08636944,0.04507305,RandomForestRegressor
mdts_sin,100,None,2,1,log2,-0.08575227,0.04510359,RandomForestRegressor
mdts_sin,100,None,2,4,sqrt,-0.08528002,0.04480397,RandomForestRegressor
mdts_sin,100,None,2,4,log2,-0.08576348,0.04464602,RandomForestRegressor
mdts_sin,100,None,10,1,sqrt,-0.08539599,0.04504891,RandomForestRegressor
mdts_sin,100,None,10,1,log2,-0.08535957,0.04495911,RandomForestRegressor
mdts_sin,100,None,10,4,sqrt,-0.08443747,0.0453858,RandomForestRegressor
mdts_sin,100,None,10,4,log2,-0.08510021,0.04539788,RandomForestRegressor
mdts_sin,100,20.0,2,1,sqrt,-0.08508998,0.04523533,RandomForestRegressor
mdts_sin,100,20.0,2,1,log2,-0.0852342,0.04543801,RandomForestRegressor
mdts_sin,100,20.0,2,4,sqrt,-0.08472547,0.04554485,RandomForestRegressor
mdts_sin,100,20.0,2,4,log2,-0.0850922,0.04513073,RandomForestRegressor
mdts_sin,100,20.0,10,1,sqrt,-0.08555522,0.04568282,RandomForestRegressor
mdts_sin,100,20.0,10,1,log2,-0.08529375,0.04549582,RandomForestRegressor
mdts_sin,100,20.0,10,4,sqrt,-0.0853136,0.04556696,RandomForestRegressor
mdts_sin,100,20.0,10,4,log2,-0.08529739,0.04581851,RandomForestRegressor
mdts_sin,200,None,2,1,sqrt,-0.08530976,0.04591342,RandomForestRegressor
mdts_sin,200,None,2,1,log2,-0.08528589,0.04529105,RandomForestRegressor
mdts_sin,200,None,2,4,sqrt,-0.08466422,0.04520053,RandomForestRegressor
mdts_sin,200,None,2,4,log2,-0.08450215,0.04611336,RandomForestRegressor
mdts_sin,200,None,10,1,sqrt,-0.08439753,0.04599259,RandomForestRegressor
mdts_sin,200,None,10,1,log2,-0.08483842,0.04597689,RandomForestRegressor
mdts_sin,200,None,10,4,sqrt,-0.08471911,0.04597293,RandomForestRegressor
mdts_sin,200,None,10,4,log2,-0.08466673,0.04594476,RandomForestRegressor
mdts_sin,200,20.0,2,1,sqrt,-0.08548822,0.04525774,RandomForestRegressor
mdts_sin,200,20.0,2,1,log2,-0.0856621,0.04501629,RandomForestRegressor
mdts_sin,200,20.0,2,4,sqrt,-0.08570943,0.04471015,RandomForestRegressor
mdts_sin,200,20.0,2,4,log2,-0.08577619,0.04520082,RandomForestRegressor
mdts_sin,200,20.0,10,1,sqrt,-0.08544971,0.04541638,RandomForestRegressor
mdts_sin,200,20.0,10,1,log2,-0.08550553,0.04480525,RandomForestRegressor
mdts_sin,200,20.0,10,4,sqrt,-0.08492554,0.04490356,RandomForestRegressor
mdts_sin,200,20.0,10,4,log2,-0.08499707,0.04557992,RandomForestRegressor
mdts_sin,300,None,2,1,sqrt,-0.08537139,0.04522726,RandomForestRegressor
mdts_sin,300,None,2,1,log2,-0.08489306,0.04525602,RandomForestRegressor
mdts_sin,300,None,2,4,sqrt,-0.08512238,0.04485186,RandomForestRegressor
mdts_sin,300,None,2,4,log2,-0.08485487,0.04514347,RandomForestRegressor
mdts_sin,300,None,10,1,sqrt,-0.08560026,0.04632866,RandomForestRegressor
mdts_sin,300,None,10,1,log2,-0.0850578,0.04610358,RandomForestRegressor
mdts_sin,300,None,10,4,sqrt,-0.08506248,0.04591715,RandomForestRegressor
mdts_sin,300,None,10,4,log2,-0.08571376,0.04594252,RandomForestRegressor
mdts_sin,300,20.0,2,1,sqrt,-0.0852229,0.04575892,RandomForestRegressor
mdts_sin,300,20.0,2,1,log2,-0.08500624,0.04588687,RandomForestRegressor
mdts_sin,300,20.0,2,4,sqrt,-0.08497517,0.04687135,RandomForestRegressor
mdts_sin,300,20.0,2,4,log2,-0.08444521,0.04574848,RandomForestRegressor
mdts_sin,300,20.0,10,1,sqrt,-0.08449287,0.04617983,RandomForestRegressor
mdts_sin,300,20.0,10,1,log2,-0.08475408,0.0461416,RandomForestRegressor
mdts_sin,300,20.0,10,4,sqrt,-0.08484272,0.04630458,RandomForestRegressor
mdts_sin,300,20.0,10,4,log2,-0.08475494,0.04609129,RandomForestRegressor
mdts_sin,400,None,2,1,sqrt,-0.08568518,0.04502566,RandomForestRegressor
mdts_sin,400,None,2,1,log2,-0.08538229,0.04479778,RandomForestRegressor
mdts_sin,400,None,2,4,sqrt,-0.08533195,0.0451264,RandomForestRegressor
mdts_sin,400,None,2,4,log2,-0.08540857,0.04474254,RandomForestRegressor
mdts_sin,400,None,10,1,sqrt,-0.0856691,0.04487973,RandomForestRegressor
mdts_sin,400,None,10,1,log2,-0.08534577,0.04472011,RandomForestRegressor
mdts_sin,400,None,10,4,sqrt,-0.08485616,0.0449135,RandomForestRegressor
mdts_sin,400,None,10,4,log2,-0.08460029,0.04514693,RandomForestRegressor
mdts_sin,400,20.0,2,1,sqrt,-0.08480042,0.04512672,RandomForestRegressor
mdts_sin,400,20.0,2,1,log2,-0.08471844,0.04506022,RandomForestRegressor
mdts_sin,400,20.0,2,4,sqrt,-0.08476405,0.04521133,RandomForestRegressor
mdts_sin,400,20.0,2,4,log2,-0.08489157,0.04520104,RandomForestRegressor
mdts_sin,400,20.0,10,1,sqrt,-0.08498271,0.04578945,RandomForestRegressor
mdts_sin,400,20.0,10,1,log2,-0.08527104,0.04543126,RandomForestRegressor
mdts_sin,400,20.0,10,4,sqrt,-0.08496562,0.04551978,RandomForestRegressor
mdts_sin,400,20.0,10,4,log2,-0.0851036,0.04568288,RandomForestRegressor
mdts_sin,500,None,2,1,sqrt,-0.08509654,0.04591462,RandomForestRegressor
mdts_sin,500,None,2,1,log2,-0.08485168,0.04544589,RandomForestRegressor
mdts_sin,500,None,2,4,sqrt,-0.08468574,0.0461921,RandomForestRegressor
mdts_sin,500,None,2,4,log2,-0.08471411,0.04590173,RandomForestRegressor
mdts_sin,500,None,10,1,sqrt,-0.08471692,0.04591258,RandomForestRegressor
mdts_sin,500,None,10,1,log2,-0.0846902,0.04597179,RandomForestRegressor
mdts_sin,500,None,10,4,sqrt,-0.08472733,0.04589362,RandomForestRegressor
mdts_sin,500,None,10,4,log2,-0.0845878,0.04602199,RandomForestRegressor
mdts_sin,500,20.0,2,1,sqrt,-0.08549471,0.04507172,RandomForestRegressor
mdts_sin,500,20.0,2,1,log2,-0.08518696,0.04483981,RandomForestRegressor
mdts_sin,500,20.0,2,4,sqrt,-0.08537229,0.04485819,RandomForestRegressor
mdts_sin,500,20.0,2,4,log2,-0.08551704,0.04484545,RandomForestRegressor
mdts_sin,500,20.0,10,1,sqrt,-0.08522692,0.04490567,RandomForestRegressor
mdts_sin,500,20.0,10,1,log2,-0.08546021,0.04490287,RandomForestRegressor
mdts_sin,500,20.0,10,4,sqrt,-0.08478263,0.04520914,RandomForestRegressor
mdts_sin,500,20.0,10,4,log2,-0.08490627,0.04525704,RandomForestRegressor
mdts_sin,600,None,2,1,sqrt,-0.08482279,0.04516211,RandomForestRegressor
mdts_sin,600,None,2,1,log2,-0.08502396,0.04527831,RandomForestRegressor
mdts_sin,600,None,2,4,sqrt,-0.08490265,0.0453445,RandomForestRegressor
mdts_sin,600,None,2,4,log2,-0.08475278,0.04514097,RandomForestRegressor
mdts_sin,600,None,10,1,sqrt,-0.08496908,0.0454959,RandomForestRegressor
mdts_sin,600,None,10,1,log2,-0.08488912,0.04561094,RandomForestRegressor
mdts_sin,600,None,10,4,sqrt,-0.08496386,0.04555322,RandomForestRegressor
mdts_sin,600,None,10,4,log2,-0.08513837,0.04555537,RandomForestRegressor
mdts_sin,600,20.0,2,1,sqrt,-0.08498526,0.0455639,RandomForestRegressor
mdts_sin,600,20.0,2,1,log2,-0.08508434,0.04540323,RandomForestRegressor
mdts_sin,600,20.0,2,4,sqrt,-0.08453835,0.04594826,RandomForestRegressor
mdts_sin,600,20.0,2,4,log2,-0.08481568,0.04600419,RandomForestRegressor
mdts_sin,600,20.0,10,1,sqrt,-0.08447662,0.04613794,RandomForestRegressor
mdts_sin,600,20.0,10,1,log2,-0.08477958,0.04612403,RandomForestRegressor
mdts_sin,600,20.0,10,4,sqrt,-0.0844875,0.04573958,RandomForestRegressor
mdts_sin,600,20.0,10,4,log2,-0.08445752,0.0461461,RandomForestRegressor
mdts_cos,100,None,2,1,sqrt,-0.10102171,0.04454662,RandomForestRegressor
mdts_cos,100,None,2,1,log2,-0.10086268,0.04466336,RandomForestRegressor
mdts_cos,100,None,2,4,sqrt,-0.10130273,0.04512919,RandomForestRegressor
mdts_cos,100,None,2,4,log2,-0.10157862,0.04528048,RandomForestRegressor
mdts_cos,100,None,10,1,sqrt,-0.10084407,0.04497612,RandomForestRegressor
mdts_cos,100,None,10,1,log2,-0.10103318,0.04568097,RandomForestRegressor
mdts_cos,100,None,10,4,sqrt,-0.09993818,0.04507241,RandomForestRegressor
mdts_cos,100,None,10,4,log2,-0.09911638,0.04426226,RandomForestRegressor
mdts_cos,100,20.0,2,1,sqrt,-0.09996831,0.04548898,RandomForestRegressor
mdts_cos,100,20.0,2,1,log2,-0.09948096,0.04445124,RandomForestRegressor
mdts_cos,100,20.0,2,4,sqrt,-0.09938266,0.04490419,RandomForestRegressor
mdts_cos,100,20.0,2,4,log2,-0.09949746,0.04474008,RandomForestRegressor
mdts_cos,100,20.0,10,1,sqrt,-0.10068763,0.04524346,RandomForestRegressor
mdts_cos,100,20.0,10,1,log2,-0.10059322,0.04471025,RandomForestRegressor
mdts_cos,100,20.0,10,4,sqrt,-0.10000618,0.04483475,RandomForestRegressor
mdts_cos,100,20.0,10,4,log2,-0.10122439,0.04528156,RandomForestRegressor
mdts_cos,200,None,2,1,sqrt,-0.10076927,0.04554362,RandomForestRegressor
mdts_cos,200,None,2,1,log2,-0.1003791,0.04490543,RandomForestRegressor
mdts_cos,200,None,2,4,sqrt,-0.09896771,0.04470151,RandomForestRegressor
mdts_cos,200,None,2,4,log2,-0.09868962,0.04432849,RandomForestRegressor
mdts_cos,200,None,10,1,sqrt,-0.09860865,0.04457174,RandomForestRegressor
mdts_cos,200,None,10,1,log2,-0.09893843,0.04493845,RandomForestRegressor
mdts_cos,200,None,10,4,sqrt,-0.09808533,0.04383809,RandomForestRegressor
mdts_cos,200,None,10,4,log2,-0.09865543,0.0444933,RandomForestRegressor
mdts_cos,200,20.0,2,1,sqrt,-0.10079621,0.04485196,RandomForestRegressor
mdts_cos,200,20.0,2,1,log2,-0.10120353,0.045339,RandomForestRegressor
mdts_cos,200,20.0,2,4,sqrt,-0.10083705,0.04486171,RandomForestRegressor
mdts_cos,200,20.0,2,4,log2,-0.10123875,0.04500371,RandomForestRegressor
mdts_cos,200,20.0,10,1,sqrt,-0.10113594,0.0451465,RandomForestRegressor
mdts_cos,200,20.0,10,1,log2,-0.1010107,0.04515833,RandomForestRegressor
mdts_cos,200,20.0,10,4,sqrt,-0.09961805,0.04495728,RandomForestRegressor
mdts_cos,200,20.0,10,4,log2,-0.09923186,0.04411928,RandomForestRegressor
mdts_cos,300,None,2,1,sqrt,-0.09927813,0.04466392,RandomForestRegressor
mdts_cos,300,None,2,1,log2,-0.09914043,0.04400366,RandomForestRegressor
mdts_cos,300,None,2,4,sqrt,-0.09916854,0.04437255,RandomForestRegressor
mdts_cos,300,None,2,4,log2,-0.09928391,0.04478004,RandomForestRegressor
mdts_cos,300,None,10,1,sqrt,-0.10065904,0.04447175,RandomForestRegressor
mdts_cos,300,None,10,1,log2,-0.10081236,0.04543112,RandomForestRegressor
mdts_cos,300,None,10,4,sqrt,-0.10051332,0.0448771,RandomForestRegressor
mdts_cos,300,None,10,4,log2,-0.10035375,0.04477114,RandomForestRegressor
mdts_cos,300,20.0,2,1,sqrt,-0.09998875,0.04461875,RandomForestRegressor
mdts_cos,300,20.0,2,1,log2,-0.1000076,0.04488257,RandomForestRegressor
mdts_cos,300,20.0,2,4,sqrt,-0.09922462,0.04459588,RandomForestRegressor
mdts_cos,300,20.0,2,4,log2,-0.09924444,0.04489079,RandomForestRegressor
mdts_cos,300,20.0,10,1,sqrt,-0.0982405,0.04402233,RandomForestRegressor
mdts_cos,300,20.0,10,1,log2,-0.09877852,0.04459582,RandomForestRegressor
mdts_cos,300,20.0,10,4,sqrt,-0.09864979,0.04448181,RandomForestRegressor
mdts_cos,300,20.0,10,4,log2,-0.09856769,0.04422228,RandomForestRegressor
mdts_cos,400,None,2,1,sqrt,-0.10126705,0.04533564,RandomForestRegressor
mdts_cos,400,None,2,1,log2,-0.10064842,0.04467829,RandomForestRegressor
mdts_cos,400,None,2,4,sqrt,-0.10064889,0.04481716,RandomForestRegressor
mdts_cos,400,None,2,4,log2,-0.10096104,0.04522781,RandomForestRegressor
mdts_cos,400,None,10,1,sqrt,-0.10096064,0.04529857,RandomForestRegressor
mdts_cos,400,None,10,1,log2,-0.10076127,0.04495811,RandomForestRegressor
mdts_cos,400,None,10,4,sqrt,-0.09940738,0.04461581,RandomForestRegressor
mdts_cos,400,None,10,4,log2,-0.09939017,0.04482717,RandomForestRegressor
mdts_cos,400,20.0,2,1,sqrt,-0.09915348,0.04458041,RandomForestRegressor
mdts_cos,400,20.0,2,1,log2,-0.09978496,0.04505972,RandomForestRegressor
mdts_cos,400,20.0,2,4,sqrt,-0.09935281,0.04478114,RandomForestRegressor
mdts_cos,400,20.0,2,4,log2,-0.09910495,0.04441627,RandomForestRegressor
mdts_cos,400,20.0,10,1,sqrt,-0.10042961,0.04497785,RandomForestRegressor
mdts_cos,400,20.0,10,1,log2,-0.10073506,0.04531037,RandomForestRegressor
mdts_cos,400,20.0,10,4,sqrt,-0.1003138,0.04508504,RandomForestRegressor
mdts_cos,400,20.0,10,4,log2,-0.10026699,0.04535873,RandomForestRegressor
mdts_cos,500,None,2,1,sqrt,-0.10014769,0.04512161,RandomForestRegressor
mdts_cos,500,None,2,1,log2,-0.09997448,0.04493686,RandomForestRegressor
mdts_cos,500,None,2,4,sqrt,-0.0988506,0.0447285,RandomForestRegressor
mdts_cos,500,None,2,4,log2,-0.09850254,0.04439701,RandomForestRegressor
mdts_cos,500,None,10,1,sqrt,-0.09871511,0.04455394,RandomForestRegressor
mdts_cos,500,None,10,1,log2,-0.09871309,0.04434428,RandomForestRegressor
mdts_cos,500,None,10,4,sqrt,-0.09879339,0.04481348,RandomForestRegressor
mdts_cos,500,None,10,4,log2,-0.09854539,0.04469946,RandomForestRegressor
mdts_cos,500,20.0,2,1,sqrt,-0.10099955,0.04497333,RandomForestRegressor
mdts_cos,500,20.0,2,1,log2,-0.10080559,0.04491662,RandomForestRegressor
mdts_cos,500,20.0,2,4,sqrt,-0.10065259,0.04479035,RandomForestRegressor
mdts_cos,500,20.0,2,4,log2,-0.10141669,0.04590263,RandomForestRegressor
mdts_cos,500,20.0,10,1,sqrt,-0.10081211,0.04495317,RandomForestRegressor
mdts_cos,500,20.0,10,1,log2,-0.10061559,0.0452358,RandomForestRegressor
mdts_cos,500,20.0,10,4,sqrt,-0.09916095,0.04420756,RandomForestRegressor
mdts_cos,500,20.0,10,4,log2,-0.09955172,0.04484233,RandomForestRegressor
mdts_cos,600,None,2,1,sqrt,-0.09916389,0.04440099,RandomForestRegressor
mdts_cos,600,None,2,1,log2,-0.09910547,0.04456116,RandomForestRegressor
mdts_cos,600,None,2,4,sqrt,-0.09922127,0.04448143,RandomForestRegressor
mdts_cos,600,None,2,4,log2,-0.09948768,0.04492727,RandomForestRegressor
mdts_cos,600,None,10,1,sqrt,-0.10070238,0.04543975,RandomForestRegressor
mdts_cos,600,None,10,1,log2,-0.10086329,0.0452494,RandomForestRegressor
mdts_cos,600,None,10,4,sqrt,-0.10056945,0.04545852,RandomForestRegressor
mdts_cos,600,None,10,4,log2,-0.10033263,0.04533942,RandomForestRegressor
mdts_cos,600,20.0,2,1,sqrt,-0.1003563,0.04562653,RandomForestRegressor
mdts_cos,600,20.0,2,1,log2,-0.10069488,0.04560012,RandomForestRegressor
mdts_cos,600,20.0,2,4,sqrt,-0.09850983,0.04450947,RandomForestRegressor
mdts_cos,600,20.0,2,4,log2,-0.09879096,0.0446944,RandomForestRegressor
mdts_cos,600,20.0,10,1,sqrt,-0.09886758,0.04469079,RandomForestRegressor
mdts_cos,600,20.0,10,1,log2,-0.09868652,0.04469396,RandomForestRegressor
mdts_cos,600,20.0,10,4,sqrt,-0.09871452,0.04466847,RandomForestRegressor
mdts_cos,600,20.0,10,4,log2,-0.09851157,0.04452255,RandomForestRegressor
shts_max,100,None,2,1,sqrt,-0.55165603,0.14893833,RandomForestRegressor
shts_max,100,None,2,1,log2,-0.54963294,0.14692372,RandomForestRegressor
shts_max,100,None,2,4,sqrt,-0.54880102,0.14767735,RandomForestRegressor
shts_max,100,None,2,4,log2,-0.55143952,0.15021527,RandomForestRegressor
shts_max,100,None,10,1,sqrt,-0.54850293,0.14767665,RandomForestRegressor
shts_max,100,None,10,1,log2,-0.54880456,0.14770014,RandomForestRegressor
shts_max,100,None,10,4,sqrt,-0.54446207,0.14666314,RandomForestRegressor
shts_max,100,None,10,4,log2,-0.54288823,0.14546106,RandomForestRegressor
shts_max,100,20.0,2,1,sqrt,-0.54153926,0.14519341,RandomForestRegressor
shts_max,100,20.0,2,1,log2,-0.54201716,0.14596987,RandomForestRegressor
shts_max,100,20.0,2,4,sqrt,-0.5429329,0.14718619,RandomForestRegressor
shts_max,100,20.0,2,4,log2,-0.54214152,0.14669051,RandomForestRegressor
shts_max,100,20.0,10,1,sqrt,-0.55163141,0.15171842,RandomForestRegressor
shts_max,100,20.0,10,1,log2,-0.55129874,0.15172457,RandomForestRegressor
shts_max,100,20.0,10,4,sqrt,-0.54952853,0.15357679,RandomForestRegressor
shts_max,100,20.0,10,4,log2,-0.55280315,0.15290058,RandomForestRegressor
shts_max,200,None,2,1,sqrt,-0.54918023,0.15021697,RandomForestRegressor
shts_max,200,None,2,1,log2,-0.55020303,0.15144366,RandomForestRegressor
shts_max,200,None,2,4,sqrt,-0.54476516,0.15246916,RandomForestRegressor
shts_max,200,None,2,4,log2,-0.54445529,0.15021356,RandomForestRegressor
shts_max,200,None,10,1,sqrt,-0.54367263,0.14987228,RandomForestRegressor
shts_max,200,None,10,1,log2,-0.54532941,0.15038506,RandomForestRegressor
shts_max,200,None,10,4,sqrt,-0.54567294,0.14950366,RandomForestRegressor
shts_max,200,None,10,4,log2,-0.54396007,0.14975132,RandomForestRegressor
shts_max,200,20.0,2,1,sqrt,-0.54948769,0.14966045,RandomForestRegressor
shts_max,200,20.0,2,1,log2,-0.54790782,0.14767443,RandomForestRegressor
shts_max,200,20.0,2,4,sqrt,-0.54698323,0.14787058,RandomForestRegressor
shts_max,200,20.0,2,4,log2,-0.54825264,0.1463708,RandomForestRegressor
shts_max,200,20.0,10,1,sqrt,-0.5482887,0.14845115,RandomForestRegressor
shts_max,200,20.0,10,1,log2,-0.54824922,0.14778642,RandomForestRegressor
shts_max,200,20.0,10,4,sqrt,-0.54301157,0.14759873,RandomForestRegressor
shts_max,200,20.0,10,4,log2,-0.54214272,0.14654712,RandomForestRegressor
shts_max,300,None,2,1,sqrt,-0.54195785,0.14524723,RandomForestRegressor
shts_max,300,None,2,1,log2,-0.54447726,0.14831043,RandomForestRegressor
shts_max,300,None,2,4,sqrt,-0.54335677,0.14734233,RandomForestRegressor
shts_max,300,None,2,4,log2,-0.54260727,0.14675141,RandomForestRegressor
shts_max,300,None,10,1,sqrt,-0.55045306,0.15270561,RandomForestRegressor
shts_max,300,None,10,1,log2,-0.55297731,0.15393383,RandomForestRegressor
shts_max,300,None,10,4,sqrt,-0.5500316,0.15160764,RandomForestRegressor
shts_max,300,None,10,4,log2,-0.55184112,0.15113245,RandomForestRegressor
shts_max,300,20.0,2,1,sqrt,-0.54804585,0.15176677,RandomForestRegressor
shts_max,300,20.0,2,1,log2,-0.54751272,0.14988957,RandomForestRegressor
shts_max,300,20.0,2,4,sqrt,-0.54299517,0.14847202,RandomForestRegressor
shts_max,300,20.0,2,4,log2,-0.54420634,0.15113159,RandomForestRegressor
shts_max,300,20.0,10,1,sqrt,-0.54411078,0.15077495,RandomForestRegressor
shts_max,300,20.0,10,1,log2,-0.54632181,0.15165693,RandomForestRegressor
shts_max,300,20.0,10,4,sqrt,-0.54376875,0.15097273,RandomForestRegressor
shts_max,300,20.0,10,4,log2,-0.54389396,0.15032054,RandomForestRegressor
shts_max,400,None,2,1,sqrt,-0.54838204,0.14732733,RandomForestRegressor
shts_max,400,None,2,1,log2,-0.54861468,0.14733329,RandomForestRegressor
shts_max,400,None,2,4,sqrt,-0.54807016,0.14731712,RandomForestRegressor
shts_max,400,None,2,4,log2,-0.54720493,0.14736677,RandomForestRegressor
shts_max,400,None,10,1,sqrt,-0.54869605,0.1477852,RandomForestRegressor
shts_max,400,None,10,1,log2,-0.54726355,0.14656006,RandomForestRegressor
shts_max,400,None,10,4,sqrt,-0.54315611,0.14672819,RandomForestRegressor
shts_max,400,None,10,4,log2,-0.54137869,0.14529382,RandomForestRegressor
shts_max,400,20.0,2,1,sqrt,-0.54169211,0.14692517,RandomForestRegressor
shts_max,400,20.0,2,1,log2,-0.54233203,0.14713311,RandomForestRegressor
shts_max,400,20.0,2,4,sqrt,-0.5421726,0.14596581,RandomForestRegressor
shts_max,400,20.0,2,4,log2,-0.54209248,0.14551186,RandomForestRegressor
shts_max,400,20.0,10,1,sqrt,-0.5482544,0.1508098,RandomForestRegressor
shts_max,400,20.0,10,1,log2,-0.54869718,0.15072058,RandomForestRegressor
shts_max,400,20.0,10,4,sqrt,-0.54955838,0.15060017,RandomForestRegressor
shts_max,400,20.0,10,4,log2,-0.54785721,0.15073709,RandomForestRegressor
shts_max,500,None,2,1,sqrt,-0.54890892,0.15063007,RandomForestRegressor
shts_max,500,None,2,1,log2,-0.54891476,0.15102708,RandomForestRegressor
shts_max,500,None,2,4,sqrt,-0.54355435,0.1499681,RandomForestRegressor
shts_max,500,None,2,4,log2,-0.54361706,0.15004583,RandomForestRegressor
shts_max,500,None,10,1,sqrt,-0.54409176,0.15030452,RandomForestRegressor
shts_max,500,None,10,1,log2,-0.54348641,0.15010099,RandomForestRegressor
shts_max,500,None,10,4,sqrt,-0.54264681,0.14883484,RandomForestRegressor
shts_max,500,None,10,4,log2,-0.54400716,0.14999376,RandomForestRegressor
shts_max,500,20.0,2,1,sqrt,-0.54844032,0.1480077,RandomForestRegressor
shts_max,500,20.0,2,1,log2,-0.54775759,0.14673333,RandomForestRegressor
shts_max,500,20.0,2,4,sqrt,-0.54771051,0.14739246,RandomForestRegressor
shts_max,500,20.0,2,4,log2,-0.54696306,0.14751987,RandomForestRegressor
shts_max,500,20.0,10,1,sqrt,-0.54683054,0.14726115,RandomForestRegressor
shts_max,500,20.0,10,1,log2,-0.54715103,0.14661861,RandomForestRegressor
shts_max,500,20.0,10,4,sqrt,-0.54224485,0.14645917,RandomForestRegressor
shts_max,500,20.0,10,4,log2,-0.5414509,0.1465719,RandomForestRegressor
shts_max,600,None,2,1,sqrt,-0.54189564,0.14575471,RandomForestRegressor
shts_max,600,None,2,1,log2,-0.54196719,0.1464944,RandomForestRegressor
shts_max,600,None,2,4,sqrt,-0.5412387,0.14565548,RandomForestRegressor
shts_max,600,None,2,4,log2,-0.54197797,0.14563559,RandomForestRegressor
shts_max,600,None,10,1,sqrt,-0.54915498,0.15213328,RandomForestRegressor
shts_max,600,None,10,1,log2,-0.54933033,0.1518236,RandomForestRegressor
shts_max,600,None,10,4,sqrt,-0.54976971,0.15187132,RandomForestRegressor
shts_max,600,None,10,4,log2,-0.54827471,0.1520946,RandomForestRegressor
shts_max,600,20.0,2,1,sqrt,-0.54923846,0.15147021,RandomForestRegressor
shts_max,600,20.0,2,1,log2,-0.54744462,0.15024052,RandomForestRegressor
shts_max,600,20.0,2,4,sqrt,-0.543714,0.14938867,RandomForestRegressor
shts_max,600,20.0,2,4,log2,-0.54393684,0.15010335,RandomForestRegressor
shts_max,600,20.0,10,1,sqrt,-0.54257495,0.15000565,RandomForestRegressor
shts_max,600,20.0,10,1,log2,-0.54434818,0.15010726,RandomForestRegressor
shts_max,600,20.0,10,4,sqrt,-0.54342921,0.15041538,RandomForestRegressor
shts_max,600,20.0,10,4,log2,-0.54290459,0.15010867,RandomForestRegressor
shts_med,100,None,2,1,sqrt,-0.48751571,0.11173552,RandomForestRegressor
shts_med,100,None,2,1,log2,-0.48837064,0.1124393,RandomForestRegressor
shts_med,100,None,2,4,sqrt,-0.48548138,0.11074862,RandomForestRegressor
shts_med,100,None,2,4,log2,-0.48898744,0.11355184,RandomForestRegressor
shts_med,100,None,10,1,sqrt,-0.48608669,0.11257963,RandomForestRegressor
shts_med,100,None,10,1,log2,-0.48587548,0.11131008,RandomForestRegressor
shts_med,100,None,10,4,sqrt,-0.48336027,0.11042996,RandomForestRegressor
shts_med,100,None,10,4,log2,-0.48222558,0.11123118,RandomForestRegressor
shts_med,100,20.0,2,1,sqrt,-0.48309216,0.11133685,RandomForestRegressor
shts_med,100,20.0,2,1,log2,-0.48294137,0.10999671,RandomForestRegressor
shts_med,100,20.0,2,4,sqrt,-0.48309455,0.11147522,RandomForestRegressor
shts_med,100,20.0,2,4,log2,-0.48294801,0.11056334,RandomForestRegressor
shts_med,100,20.0,10,1,sqrt,-0.49064293,0.11427249,RandomForestRegressor
shts_med,100,20.0,10,1,log2,-0.491342,0.11419204,RandomForestRegressor
shts_med,100,20.0,10,4,sqrt,-0.48893703,0.11357353,RandomForestRegressor
shts_med,100,20.0,10,4,log2,-0.48813416,0.11239072,RandomForestRegressor
shts_med,200,None,2,1,sqrt,-0.48827721,0.11503481,RandomForestRegressor
shts_med,200,None,2,1,log2,-0.4863594,0.11213705,RandomForestRegressor
shts_med,200,None,2,4,sqrt,-0.48558616,0.11284728,RandomForestRegressor
shts_med,200,None,2,4,log2,-0.48353467,0.1114318,RandomForestRegressor
shts_med,200,None,10,1,sqrt,-0.48565622,0.11261617,RandomForestRegressor
shts_med,200,None,10,1,log2,-0.48571498,0.11333868,RandomForestRegressor
shts_med,200,None,10,4,sqrt,-0.48380694,0.11134978,RandomForestRegressor
shts_med,200,None,10,4,log2,-0.48522298,0.11180459,RandomForestRegressor
shts_med,200,20.0,2,1,sqrt,-0.48822561,0.11107323,RandomForestRegressor
shts_med,200,20.0,2,1,log2,-0.4875531,0.1119678,RandomForestRegressor
shts_med,200,20.0,2,4,sqrt,-0.48442886,0.1122077,RandomForestRegressor
shts_med,200,20.0,2,4,log2,-0.48609739,0.11216313,RandomForestRegressor
shts_med,200,20.0,10,1,sqrt,-0.4850931,0.11418777,RandomForestRegressor
shts_med,200,20.0,10,1,log2,-0.48589706,0.11248884,RandomForestRegressor
shts_med,200,20.0,10,4,sqrt,-0.48358996,0.11130014,RandomForestRegressor
shts_med,200,20.0,10,4,log2,-0.48442008,0.11193887,RandomForestRegressor
shts_med,300,None,2,1,sqrt,-0.48254508,0.11034529,RandomForestRegressor
shts_med,300,None,2,1,log2,-0.48356491,0.10934674,RandomForestRegressor
shts_med,300,None,2,4,sqrt,-0.48317677,0.11164326,RandomForestRegressor
shts_med,300,None,2,4,log2,-0.48280457,0.11020248,RandomForestRegressor
shts_med,300,None,10,1,sqrt,-0.49143133,0.11576937,RandomForestRegressor
shts_med,300,None,10,1,log2,-0.49125686,0.11366497,RandomForestRegressor
shts_med,300,None,10,4,sqrt,-0.48701052,0.11235403,RandomForestRegressor
shts_med,300,None,10,4,log2,-0.48907816,0.11547034,RandomForestRegressor
shts_med,300,20.0,2,1,sqrt,-0.48828802,0.11356259,RandomForestRegressor
shts_med,300,20.0,2,1,log2,-0.48783061,0.11432845,RandomForestRegressor
shts_med,300,20.0,2,4,sqrt,-0.48535272,0.11311667,RandomForestRegressor
shts_med,300,20.0,2,4,log2,-0.48547712,0.1130102,RandomForestRegressor
shts_med,300,20.0,10,1,sqrt,-0.48540377,0.1122714,RandomForestRegressor
shts_med,300,20.0,10,1,log2,-0.48572663,0.11260412,RandomForestRegressor
shts_med,300,20.0,10,4,sqrt,-0.48591892,0.11351647,RandomForestRegressor
shts_med,300,20.0,10,4,log2,-0.4838259,0.11115082,RandomForestRegressor
shts_med,400,None,2,1,sqrt,-0.48603211,0.11270455,RandomForestRegressor
shts_med,400,None,2,1,log2,-0.48587816,0.11173117,RandomForestRegressor
shts_med,400,None,2,4,sqrt,-0.48575503,0.11235142,RandomForestRegressor
shts_med,400,None,2,4,log2,-0.48481824,0.11280118,RandomForestRegressor
shts_med,400,None,10,1,sqrt,-0.48626687,0.11285439,RandomForestRegressor
shts_med,400,None,10,1,log2,-0.48572916,0.11232149,RandomForestRegressor
shts_med,400,None,10,4,sqrt,-0.48321218,0.11152595,RandomForestRegressor
shts_med,400,None,10,4,log2,-0.48285017,0.11049492,RandomForestRegressor
shts_med,400,20.0,2,1,sqrt,-0.48262169,0.11114186,RandomForestRegressor
shts_med,400,20.0,2,1,log2,-0.48351059,0.11037413,RandomForestRegressor
shts_med,400,20.0,2,4,sqrt,-0.48295566,0.11129746,RandomForestRegressor
shts_med,400,20.0,2,4,log2,-0.48246882,0.11082502,RandomForestRegressor
shts_med,400,20.0,10,1,sqrt,-0.48901475,0.11494735,RandomForestRegressor
shts_med,400,20.0,10,1,log2,-0.48811313,0.11322663,RandomForestRegressor
shts_med,400,20.0,10,4,sqrt,-0.48807032,0.11292899,RandomForestRegressor
shts_med,400,20.0,10,4,log2,-0.4873311,0.11326527,RandomForestRegressor
shts_med,500,None,2,1,sqrt,-0.48708764,0.11420541,RandomForestRegressor
shts_med,500,None,2,1,log2,-0.48792951,0.11385904,RandomForestRegressor
shts_med,500,None,2,4,sqrt,-0.48446679,0.11233756,RandomForestRegressor
shts_med,500,None,2,4,log2,-0.48392802,0.1112682,RandomForestRegressor
shts_med,500,None,10,1,sqrt,-0.48326789,0.11279279,RandomForestRegressor
shts_med,500,None,10,1,log2,-0.48491515,0.11289132,RandomForestRegressor
shts_med,500,None,10,4,sqrt,-0.48417084,0.11216204,RandomForestRegressor
shts_med,500,None,10,4,log2,-0.484067,0.11189324,RandomForestRegressor
shts_med,500,20.0,2,1,sqrt,-0.48551135,0.11190364,RandomForestRegressor
shts_med,500,20.0,2,1,log2,-0.48608366,0.11243235,RandomForestRegressor
shts_med,500,20.0,2,4,sqrt,-0.48609448,0.11263767,RandomForestRegressor
shts_med,500,20.0,2,4,log2,-0.48471441,0.11196043,RandomForestRegressor
shts_med,500,20.0,10,1,sqrt,-0.48534872,0.11276546,RandomForestRegressor
shts_med,500,20.0,10,1,log2,-0.485713,0.11320326,RandomForestRegressor
shts_med,500,20.0,10,4,sqrt,-0.48214798,0.11101269,RandomForestRegressor
shts_med,500,20.0,10,4,log2,-0.48293349,0.11149507,RandomForestRegressor
shts_med,600,None,2,1,sqrt,-0.48247452,0.11082431,RandomForestRegressor
shts_med,600,None,2,1,log2,-0.48273503,0.11077144,RandomForestRegressor
shts_med,600,None,2,4,sqrt,-0.48226037,0.11100697,RandomForestRegressor
shts_med,600,None,2,4,log2,-0.48293972,0.11129329,RandomForestRegressor
shts_med,600,None,10,1,sqrt,-0.48867304,0.11477654,RandomForestRegressor
shts_med,600,None,10,1,log2,-0.48652523,0.11295022,RandomForestRegressor
shts_med,600,None,10,4,sqrt,-0.48809949,0.11426363,RandomForestRegressor
shts_med,600,None,10,4,log2,-0.48659591,0.11394269,RandomForestRegressor
shts_med,600,20.0,2,1,sqrt,-0.48833518,0.11411756,RandomForestRegressor
shts_med,600,20.0,2,1,log2,-0.48789608,0.11385754,RandomForestRegressor
shts_med,600,20.0,2,4,sqrt,-0.48438225,0.11217982,RandomForestRegressor
shts_med,600,20.0,2,4,log2,-0.48422605,0.11229201,RandomForestRegressor
shts_med,600,20.0,10,1,sqrt,-0.48405548,0.11219762,RandomForestRegressor
shts_med,600,20.0,10,1,log2,-0.48445613,0.111936,RandomForestRegressor
shts_med,600,20.0,10,4,sqrt,-0.48439573,0.11238433,RandomForestRegressor
shts_med,600,20.0,10,4,log2,-0.48455237,0.11267049,RandomForestRegressor
