variable,source_file,regressor,regressor__max_depth,regressor__min_samples_split,regressor__min_samples_leaf,score,std
dwi_sin,DecisionTree_13075251.txt,DecisionTreeRegressor,None,2,1,-0.64062563,0.0465749
dwi_sin,DecisionTree_13075251.txt,DecisionTreeRegressor,None,2,2,-0.63751983,0.04687405
dwi_sin,DecisionTree_13075251.txt,DecisionTreeRegressor,None,2,4,-0.63085821,0.04819411
dwi_sin,DecisionTree_13075251.txt,DecisionTreeRegressor,None,5,1,-0.60702286,0.0573595
dwi_sin,DecisionTree_13075251.txt,DecisionTreeRegressor,None,5,2,-0.62751681,0.05230324
dwi_sin,DecisionTree_13075251.txt,DecisionTreeRegressor,None,5,4,-0.63044278,0.04863465
dwi_sin,DecisionTree_13075251.txt,DecisionTreeRegressor,None,10,1,-0.62468411,0.04637076
dwi_sin,DecisionTree_13075251.txt,DecisionTreeRegressor,None,10,2,-0.60719769,0.05120567
dwi_sin,DecisionTree_13075251.txt,DecisionTreeRegressor,None,10,4,-0.61505453,0.04612532
dwi_sin,DecisionTree_13075251.txt,DecisionTreeRegressor,None,20,1,-0.61644472,0.04967323
dwi_sin,DecisionTree_13075251.txt,DecisionTreeRegressor,None,20,2,-0.61133449,0.0505571
dwi_sin,DecisionTree_13075251.txt,DecisionTreeRegressor,None,20,4,-0.59942807,0.05365709
dwi_sin,DecisionTree_13075251.txt,DecisionTreeRegressor,5.0,2,1,-0.49399195,0.06312319
dwi_sin,DecisionTree_13075251.txt,DecisionTreeRegressor,5.0,2,2,-0.49309571,0.06273972
dwi_sin,DecisionTree_13075251.txt,DecisionTreeRegressor,5.0,2,4,-0.49288538,0.06230862
dwi_sin,DecisionTree_13075251.txt,DecisionTreeRegressor,5.0,5,1,-0.49312048,0.06335844
dwi_sin,DecisionTree_13075251.txt,DecisionTreeRegressor,5.0,5,2,-0.49378166,0.06361681
dwi_sin,DecisionTree_13075251.txt,DecisionTreeRegressor,5.0,5,4,-0.49387241,0.0634955
dwi_sin,DecisionTree_13075251.txt,DecisionTreeRegressor,5.0,10,1,-0.49459285,0.0611431
dwi_sin,DecisionTree_13075251.txt,DecisionTreeRegressor,5.0,10,2,-0.4942939,0.06105692
dwi_sin,DecisionTree_13075251.txt,DecisionTreeRegressor,5.0,10,4,-0.49330624,0.06279516
dwi_sin,DecisionTree_13075251.txt,DecisionTreeRegressor,5.0,20,1,-0.49301472,0.06180719
dwi_sin,DecisionTree_13075251.txt,DecisionTreeRegressor,5.0,20,2,-0.49303699,0.06272334
dwi_sin,DecisionTree_13075251.txt,DecisionTreeRegressor,5.0,20,4,-0.49348841,0.0626793
dwi_sin,DecisionTree_13075251.txt,DecisionTreeRegressor,10.0,2,1,-0.58130761,0.05893233
dwi_sin,DecisionTree_13075251.txt,DecisionTreeRegressor,10.0,2,2,-0.57617153,0.05705204
dwi_sin,DecisionTree_13075251.txt,DecisionTreeRegressor,10.0,2,4,-0.57607312,0.06031155
dwi_sin,DecisionTree_13075251.txt,DecisionTreeRegressor,10.0,5,1,-0.56968866,0.05944225
dwi_sin,DecisionTree_13075251.txt,DecisionTreeRegressor,10.0,5,2,-0.57923018,0.06232026
dwi_sin,DecisionTree_13075251.txt,DecisionTreeRegressor,10.0,5,4,-0.57764876,0.06502972
dwi_sin,DecisionTree_13075251.txt,DecisionTreeRegressor,10.0,10,1,-0.57144039,0.06196811
dwi_sin,DecisionTree_13075251.txt,DecisionTreeRegressor,10.0,10,2,-0.56533172,0.06509919
dwi_sin,DecisionTree_13075251.txt,DecisionTreeRegressor,10.0,10,4,-0.57669384,0.06034921
dwi_sin,DecisionTree_13075251.txt,DecisionTreeRegressor,10.0,20,1,-0.57255015,0.0591605
dwi_sin,DecisionTree_13075251.txt,DecisionTreeRegressor,10.0,20,2,-0.57350187,0.05762392
dwi_sin,DecisionTree_13075251.txt,DecisionTreeRegressor,10.0,20,4,-0.5663519,0.06449934
dwi_sin,DecisionTree_13075251.txt,DecisionTreeRegressor,20.0,2,1,-0.63999963,0.04616588
dwi_sin,DecisionTree_13075251.txt,DecisionTreeRegressor,20.0,2,2,-0.63804947,0.05178149
dwi_sin,DecisionTree_13075251.txt,DecisionTreeRegressor,20.0,2,4,-0.62104265,0.05528008
dwi_sin,DecisionTree_13075251.txt,DecisionTreeRegressor,20.0,5,1,-0.6057574,0.05523375
dwi_sin,DecisionTree_13075251.txt,DecisionTreeRegressor,20.0,5,2,-0.63033797,0.05012401
dwi_sin,DecisionTree_13075251.txt,DecisionTreeRegressor,20.0,5,4,-0.63193014,0.0445254
dwi_sin,DecisionTree_13075251.txt,DecisionTreeRegressor,20.0,10,1,-0.6222873,0.04639133
dwi_sin,DecisionTree_13075251.txt,DecisionTreeRegressor,20.0,10,2,-0.60655336,0.05358297
dwi_sin,DecisionTree_13075251.txt,DecisionTreeRegressor,20.0,10,4,-0.61307772,0.04933695
dwi_sin,DecisionTree_13075251.txt,DecisionTreeRegressor,20.0,20,1,-0.61418441,0.05345519
dwi_sin,DecisionTree_13075251.txt,DecisionTreeRegressor,20.0,20,2,-0.61127697,0.04551806
dwi_sin,DecisionTree_13075251.txt,DecisionTreeRegressor,20.0,20,4,-0.60038467,0.05570321
dwi_sin,DecisionTree_13075251.txt,DecisionTreeRegressor,30.0,2,1,-0.63709951,0.05302877
dwi_sin,DecisionTree_13075251.txt,DecisionTreeRegressor,30.0,2,2,-0.6322465,0.04242498
dwi_sin,DecisionTree_13075251.txt,DecisionTreeRegressor,30.0,2,4,-0.62711007,0.04760958
dwi_sin,DecisionTree_13075251.txt,DecisionTreeRegressor,30.0,5,1,-0.6090857,0.05431064
dwi_sin,DecisionTree_13075251.txt,DecisionTreeRegressor,30.0,5,2,-0.63441967,0.05041225
dwi_sin,DecisionTree_13075251.txt,DecisionTreeRegressor,30.0,5,4,-0.63786375,0.04686658
dwi_sin,DecisionTree_13075251.txt,DecisionTreeRegressor,30.0,10,1,-0.62188251,0.0462293
dwi_sin,DecisionTree_13075251.txt,DecisionTreeRegressor,30.0,10,2,-0.60524041,0.05446723
dwi_sin,DecisionTree_13075251.txt,DecisionTreeRegressor,30.0,10,4,-0.61516594,0.05035143
dwi_sin,DecisionTree_13075251.txt,DecisionTreeRegressor,30.0,20,1,-0.61748587,0.04675953
dwi_sin,DecisionTree_13075251.txt,DecisionTreeRegressor,30.0,20,2,-0.60730915,0.0455719
dwi_sin,DecisionTree_13075251.txt,DecisionTreeRegressor,30.0,20,4,-0.59786385,0.05460691
dwi_cos,DecisionTree_13075251.txt,DecisionTreeRegressor,None,2,1,-0.55443577,0.03021145
dwi_cos,DecisionTree_13075251.txt,DecisionTreeRegressor,None,2,2,-0.54215573,0.03206621
dwi_cos,DecisionTree_13075251.txt,DecisionTreeRegressor,None,2,4,-0.53902639,0.02472434
dwi_cos,DecisionTree_13075251.txt,DecisionTreeRegressor,None,5,1,-0.5213272,0.03269673
dwi_cos,DecisionTree_13075251.txt,DecisionTreeRegressor,None,5,2,-0.54121001,0.03490398
dwi_cos,DecisionTree_13075251.txt,DecisionTreeRegressor,None,5,4,-0.54869816,0.036609
dwi_cos,DecisionTree_13075251.txt,DecisionTreeRegressor,None,10,1,-0.53693243,0.03168135
dwi_cos,DecisionTree_13075251.txt,DecisionTreeRegressor,None,10,2,-0.51965919,0.03540054
dwi_cos,DecisionTree_13075251.txt,DecisionTreeRegressor,None,10,4,-0.53080345,0.03361498
dwi_cos,DecisionTree_13075251.txt,DecisionTreeRegressor,None,20,1,-0.52760622,0.03483194
dwi_cos,DecisionTree_13075251.txt,DecisionTreeRegressor,None,20,2,-0.52732331,0.03323511
dwi_cos,DecisionTree_13075251.txt,DecisionTreeRegressor,None,20,4,-0.51603534,0.03368088
dwi_cos,DecisionTree_13075251.txt,DecisionTreeRegressor,5.0,2,1,-0.43304115,0.03473126
dwi_cos,DecisionTree_13075251.txt,DecisionTreeRegressor,5.0,2,2,-0.4333849,0.03525553
dwi_cos,DecisionTree_13075251.txt,DecisionTreeRegressor,5.0,2,4,-0.43312246,0.03482894
dwi_cos,DecisionTree_13075251.txt,DecisionTreeRegressor,5.0,5,1,-0.43332189,0.03473343
dwi_cos,DecisionTree_13075251.txt,DecisionTreeRegressor,5.0,5,2,-0.4330073,0.03472506
dwi_cos,DecisionTree_13075251.txt,DecisionTreeRegressor,5.0,5,4,-0.43309264,0.03474126
dwi_cos,DecisionTree_13075251.txt,DecisionTreeRegressor,5.0,10,1,-0.43345837,0.03527847
dwi_cos,DecisionTree_13075251.txt,DecisionTreeRegressor,5.0,10,2,-0.43290253,0.03446728
dwi_cos,DecisionTree_13075251.txt,DecisionTreeRegressor,5.0,10,4,-0.43312208,0.03523026
dwi_cos,DecisionTree_13075251.txt,DecisionTreeRegressor,5.0,20,1,-0.43312208,0.03523026
dwi_cos,DecisionTree_13075251.txt,DecisionTreeRegressor,5.0,20,2,-0.43318576,0.03522851
dwi_cos,DecisionTree_13075251.txt,DecisionTreeRegressor,5.0,20,4,-0.43351949,0.0353883
dwi_cos,DecisionTree_13075251.txt,DecisionTreeRegressor,10.0,2,1,-0.50152841,0.03249704
dwi_cos,DecisionTree_13075251.txt,DecisionTreeRegressor,10.0,2,2,-0.50230578,0.04138752
dwi_cos,DecisionTree_13075251.txt,DecisionTreeRegressor,10.0,2,4,-0.49731451,0.03180747
dwi_cos,DecisionTree_13075251.txt,DecisionTreeRegressor,10.0,5,1,-0.49006068,0.02807041
dwi_cos,DecisionTree_13075251.txt,DecisionTreeRegressor,10.0,5,2,-0.50478197,0.03372655
dwi_cos,DecisionTree_13075251.txt,DecisionTreeRegressor,10.0,5,4,-0.49801407,0.03576459
dwi_cos,DecisionTree_13075251.txt,DecisionTreeRegressor,10.0,10,1,-0.49618111,0.03679224
dwi_cos,DecisionTree_13075251.txt,DecisionTreeRegressor,10.0,10,2,-0.4877047,0.03489911
dwi_cos,DecisionTree_13075251.txt,DecisionTreeRegressor,10.0,10,4,-0.49825295,0.0345555
dwi_cos,DecisionTree_13075251.txt,DecisionTreeRegressor,10.0,20,1,-0.50120988,0.03300862
dwi_cos,DecisionTree_13075251.txt,DecisionTreeRegressor,10.0,20,2,-0.49910063,0.03270079
dwi_cos,DecisionTree_13075251.txt,DecisionTreeRegressor,10.0,20,4,-0.48951561,0.03226852
dwi_cos,DecisionTree_13075251.txt,DecisionTreeRegressor,20.0,2,1,-0.55242161,0.02400294
dwi_cos,DecisionTree_13075251.txt,DecisionTreeRegressor,20.0,2,2,-0.54551604,0.03408341
dwi_cos,DecisionTree_13075251.txt,DecisionTreeRegressor,20.0,2,4,-0.53782134,0.03074725
dwi_cos,DecisionTree_13075251.txt,DecisionTreeRegressor,20.0,5,1,-0.5220136,0.02894336
dwi_cos,DecisionTree_13075251.txt,DecisionTreeRegressor,20.0,5,2,-0.54543263,0.03489692
dwi_cos,DecisionTree_13075251.txt,DecisionTreeRegressor,20.0,5,4,-0.54623883,0.03109368
dwi_cos,DecisionTree_13075251.txt,DecisionTreeRegressor,20.0,10,1,-0.53575725,0.03212068
dwi_cos,DecisionTree_13075251.txt,DecisionTreeRegressor,20.0,10,2,-0.51934729,0.03117359
dwi_cos,DecisionTree_13075251.txt,DecisionTreeRegressor,20.0,10,4,-0.53128722,0.03329474
dwi_cos,DecisionTree_13075251.txt,DecisionTreeRegressor,20.0,20,1,-0.53027379,0.0329828
dwi_cos,DecisionTree_13075251.txt,DecisionTreeRegressor,20.0,20,2,-0.52751226,0.03323506
dwi_cos,DecisionTree_13075251.txt,DecisionTreeRegressor,20.0,20,4,-0.51420516,0.03338809
dwi_cos,DecisionTree_13075251.txt,DecisionTreeRegressor,30.0,2,1,-0.55428849,0.03104511
dwi_cos,DecisionTree_13075251.txt,DecisionTreeRegressor,30.0,2,2,-0.5490285,0.02878341
dwi_cos,DecisionTree_13075251.txt,DecisionTreeRegressor,30.0,2,4,-0.53807073,0.03072331
dwi_cos,DecisionTree_13075251.txt,DecisionTreeRegressor,30.0,5,1,-0.51979481,0.02736779
dwi_cos,DecisionTree_13075251.txt,DecisionTreeRegressor,30.0,5,2,-0.54451866,0.03589451
dwi_cos,DecisionTree_13075251.txt,DecisionTreeRegressor,30.0,5,4,-0.54367947,0.03261167
dwi_cos,DecisionTree_13075251.txt,DecisionTreeRegressor,30.0,10,1,-0.53807356,0.02923412
dwi_cos,DecisionTree_13075251.txt,DecisionTreeRegressor,30.0,10,2,-0.52025664,0.02721784
dwi_cos,DecisionTree_13075251.txt,DecisionTreeRegressor,30.0,10,4,-0.52877077,0.03773654
dwi_cos,DecisionTree_13075251.txt,DecisionTreeRegressor,30.0,20,1,-0.53216656,0.033425
dwi_cos,DecisionTree_13075251.txt,DecisionTreeRegressor,30.0,20,2,-0.52686692,0.03479526
dwi_cos,DecisionTree_13075251.txt,DecisionTreeRegressor,30.0,20,4,-0.51693516,0.03238279
wind_max,DecisionTree_13075251.txt,DecisionTreeRegressor,None,2,1,-3.31369609,0.43452199
wind_max,DecisionTree_13075251.txt,DecisionTreeRegressor,None,2,2,-3.24271143,0.38404536
wind_max,DecisionTree_13075251.txt,DecisionTreeRegressor,None,2,4,-3.22723388,0.37119251
wind_max,DecisionTree_13075251.txt,DecisionTreeRegressor,None,5,1,-3.1093106,0.3893864
wind_max,DecisionTree_13075251.txt,DecisionTreeRegressor,None,5,2,-3.17060946,0.32665471
wind_max,DecisionTree_13075251.txt,DecisionTreeRegressor,None,5,4,-3.24543905,0.3800837
wind_max,DecisionTree_13075251.txt,DecisionTreeRegressor,None,10,1,-3.19759249,0.37986786
wind_max,DecisionTree_13075251.txt,DecisionTreeRegressor,None,10,2,-3.10274632,0.42856511
wind_max,DecisionTree_13075251.txt,DecisionTreeRegressor,None,10,4,-3.09404577,0.34103999
wind_max,DecisionTree_13075251.txt,DecisionTreeRegressor,None,20,1,-3.17682597,0.38295324
wind_max,DecisionTree_13075251.txt,DecisionTreeRegressor,None,20,2,-3.13103264,0.36644876
wind_max,DecisionTree_13075251.txt,DecisionTreeRegressor,None,20,4,-3.04784973,0.40253104
wind_max,DecisionTree_13075251.txt,DecisionTreeRegressor,5.0,2,1,-2.68673761,0.46321717
wind_max,DecisionTree_13075251.txt,DecisionTreeRegressor,5.0,2,2,-2.64811945,0.40360218
wind_max,DecisionTree_13075251.txt,DecisionTreeRegressor,5.0,2,4,-2.64855324,0.41065021
wind_max,DecisionTree_13075251.txt,DecisionTreeRegressor,5.0,5,1,-2.66284359,0.43560159
wind_max,DecisionTree_13075251.txt,DecisionTreeRegressor,5.0,5,2,-2.6878356,0.45773856
wind_max,DecisionTree_13075251.txt,DecisionTreeRegressor,5.0,5,4,-2.6746871,0.46192092
wind_max,DecisionTree_13075251.txt,DecisionTreeRegressor,5.0,10,1,-2.68432256,0.47665385
wind_max,DecisionTree_13075251.txt,DecisionTreeRegressor,5.0,10,2,-2.67624439,0.43115243
wind_max,DecisionTree_13075251.txt,DecisionTreeRegressor,5.0,10,4,-2.67620825,0.37742842
wind_max,DecisionTree_13075251.txt,DecisionTreeRegressor,5.0,20,1,-2.66985137,0.39858514
wind_max,DecisionTree_13075251.txt,DecisionTreeRegressor,5.0,20,2,-2.67881885,0.3937541
wind_max,DecisionTree_13075251.txt,DecisionTreeRegressor,5.0,20,4,-2.6581578,0.40678624
wind_max,DecisionTree_13075251.txt,DecisionTreeRegressor,10.0,2,1,-3.01321608,0.50050078
wind_max,DecisionTree_13075251.txt,DecisionTreeRegressor,10.0,2,2,-2.96821571,0.44915997
wind_max,DecisionTree_13075251.txt,DecisionTreeRegressor,10.0,2,4,-2.97629949,0.47492964
wind_max,DecisionTree_13075251.txt,DecisionTreeRegressor,10.0,5,1,-2.93213067,0.50164272
wind_max,DecisionTree_13075251.txt,DecisionTreeRegressor,10.0,5,2,-2.92554602,0.44297205
wind_max,DecisionTree_13075251.txt,DecisionTreeRegressor,10.0,5,4,-2.93659701,0.38990917
wind_max,DecisionTree_13075251.txt,DecisionTreeRegressor,10.0,10,1,-2.98028969,0.47194873
wind_max,DecisionTree_13075251.txt,DecisionTreeRegressor,10.0,10,2,-2.87323271,0.42241829
wind_max,DecisionTree_13075251.txt,DecisionTreeRegressor,10.0,10,4,-2.92879019,0.45833504
wind_max,DecisionTree_13075251.txt,DecisionTreeRegressor,10.0,20,1,-2.89914067,0.37565303
wind_max,DecisionTree_13075251.txt,DecisionTreeRegressor,10.0,20,2,-2.94928788,0.4289967
wind_max,DecisionTree_13075251.txt,DecisionTreeRegressor,10.0,20,4,-2.89419853,0.4678354
wind_max,DecisionTree_13075251.txt,DecisionTreeRegressor,20.0,2,1,-3.28629822,0.3920713
wind_max,DecisionTree_13075251.txt,DecisionTreeRegressor,20.0,2,2,-3.18837496,0.3650292
wind_max,DecisionTree_13075251.txt,DecisionTreeRegressor,20.0,2,4,-3.16120721,0.43423283
wind_max,DecisionTree_13075251.txt,DecisionTreeRegressor,20.0,5,1,-3.12432655,0.43216093
wind_max,DecisionTree_13075251.txt,DecisionTreeRegressor,20.0,5,2,-3.2389468,0.4016243
wind_max,DecisionTree_13075251.txt,DecisionTreeRegressor,20.0,5,4,-3.23410085,0.42776193
wind_max,DecisionTree_13075251.txt,DecisionTreeRegressor,20.0,10,1,-3.13078557,0.37578713
wind_max,DecisionTree_13075251.txt,DecisionTreeRegressor,20.0,10,2,-3.06549294,0.4052369
wind_max,DecisionTree_13075251.txt,DecisionTreeRegressor,20.0,10,4,-3.1126799,0.32842227
wind_max,DecisionTree_13075251.txt,DecisionTreeRegressor,20.0,20,1,-3.15381988,0.42589039
wind_max,DecisionTree_13075251.txt,DecisionTreeRegressor,20.0,20,2,-3.10702101,0.37479631
wind_max,DecisionTree_13075251.txt,DecisionTreeRegressor,20.0,20,4,-3.02854974,0.40969383
wind_max,DecisionTree_13075251.txt,DecisionTreeRegressor,30.0,2,1,-3.34475532,0.4622387
wind_max,DecisionTree_13075251.txt,DecisionTreeRegressor,30.0,2,2,-3.21830337,0.39510669
wind_max,DecisionTree_13075251.txt,DecisionTreeRegressor,30.0,2,4,-3.1934885,0.37473119
wind_max,DecisionTree_13075251.txt,DecisionTreeRegressor,30.0,5,1,-3.09310401,0.37671155
wind_max,DecisionTree_13075251.txt,DecisionTreeRegressor,30.0,5,2,-3.24964569,0.39707783
wind_max,DecisionTree_13075251.txt,DecisionTreeRegressor,30.0,5,4,-3.25450237,0.40978252
wind_max,DecisionTree_13075251.txt,DecisionTreeRegressor,30.0,10,1,-3.22797276,0.41936225
wind_max,DecisionTree_13075251.txt,DecisionTreeRegressor,30.0,10,2,-3.10343746,0.37717838
wind_max,DecisionTree_13075251.txt,DecisionTreeRegressor,30.0,10,4,-3.15433314,0.37455004
wind_max,DecisionTree_13075251.txt,DecisionTreeRegressor,30.0,20,1,-3.08009358,0.34957503
wind_max,DecisionTree_13075251.txt,DecisionTreeRegressor,30.0,20,2,-3.15611534,0.38241953
wind_max,DecisionTree_13075251.txt,DecisionTreeRegressor,30.0,20,4,-3.00620909,0.32906721
wind_med,DecisionTree_13075251.txt,DecisionTreeRegressor,None,2,1,-2.85226129,0.3581036
wind_med,DecisionTree_13075251.txt,DecisionTreeRegressor,None,2,2,-2.81245954,0.33405818
wind_med,DecisionTree_13075251.txt,DecisionTreeRegressor,None,2,4,-2.78140495,0.34693608
wind_med,DecisionTree_13075251.txt,DecisionTreeRegressor,None,5,1,-2.67761627,0.3564481
wind_med,DecisionTree_13075251.txt,DecisionTreeRegressor,None,5,2,-2.79052022,0.37544924
wind_med,DecisionTree_13075251.txt,DecisionTreeRegressor,None,5,4,-2.79579878,0.38124116
wind_med,DecisionTree_13075251.txt,DecisionTreeRegressor,None,10,1,-2.73074798,0.39999597
wind_med,DecisionTree_13075251.txt,DecisionTreeRegressor,None,10,2,-2.64907486,0.39099196
wind_med,DecisionTree_13075251.txt,DecisionTreeRegressor,None,10,4,-2.67538628,0.34234825
wind_med,DecisionTree_13075251.txt,DecisionTreeRegressor,None,20,1,-2.67868696,0.35383284
wind_med,DecisionTree_13075251.txt,DecisionTreeRegressor,None,20,2,-2.66440966,0.34714543
wind_med,DecisionTree_13075251.txt,DecisionTreeRegressor,None,20,4,-2.60933195,0.35150091
wind_med,DecisionTree_13075251.txt,DecisionTreeRegressor,5.0,2,1,-2.17586653,0.46566461
wind_med,DecisionTree_13075251.txt,DecisionTreeRegressor,5.0,2,2,-2.17775442,0.46540738
wind_med,DecisionTree_13075251.txt,DecisionTreeRegressor,5.0,2,4,-2.17196923,0.46445911
wind_med,DecisionTree_13075251.txt,DecisionTreeRegressor,5.0,5,1,-2.16766907,0.46519527
wind_med,DecisionTree_13075251.txt,DecisionTreeRegressor,5.0,5,2,-2.17809108,0.46781505
wind_med,DecisionTree_13075251.txt,DecisionTreeRegressor,5.0,5,4,-2.17312346,0.46906336
wind_med,DecisionTree_13075251.txt,DecisionTreeRegressor,5.0,10,1,-2.17529224,0.46677966
wind_med,DecisionTree_13075251.txt,DecisionTreeRegressor,5.0,10,2,-2.169426,0.46779593
wind_med,DecisionTree_13075251.txt,DecisionTreeRegressor,5.0,10,4,-2.23472422,0.40282608
wind_med,DecisionTree_13075251.txt,DecisionTreeRegressor,5.0,20,1,-2.2373232,0.40175425
wind_med,DecisionTree_13075251.txt,DecisionTreeRegressor,5.0,20,2,-2.23714648,0.40210257
wind_med,DecisionTree_13075251.txt,DecisionTreeRegressor,5.0,20,4,-2.23755152,0.40198631
wind_med,DecisionTree_13075251.txt,DecisionTreeRegressor,10.0,2,1,-2.58173379,0.43336782
wind_med,DecisionTree_13075251.txt,DecisionTreeRegressor,10.0,2,2,-2.54104373,0.41021333
wind_med,DecisionTree_13075251.txt,DecisionTreeRegressor,10.0,2,4,-2.53137551,0.42895779
wind_med,DecisionTree_13075251.txt,DecisionTreeRegressor,10.0,5,1,-2.47458028,0.4256938
wind_med,DecisionTree_13075251.txt,DecisionTreeRegressor,10.0,5,2,-2.53025677,0.43464484
wind_med,DecisionTree_13075251.txt,DecisionTreeRegressor,10.0,5,4,-2.53601445,0.40614274
wind_med,DecisionTree_13075251.txt,DecisionTreeRegressor,10.0,10,1,-2.50825913,0.4281774
wind_med,DecisionTree_13075251.txt,DecisionTreeRegressor,10.0,10,2,-2.49071893,0.43559936
wind_med,DecisionTree_13075251.txt,DecisionTreeRegressor,10.0,10,4,-2.48506629,0.42827277
wind_med,DecisionTree_13075251.txt,DecisionTreeRegressor,10.0,20,1,-2.4843553,0.44771255
wind_med,DecisionTree_13075251.txt,DecisionTreeRegressor,10.0,20,2,-2.46596363,0.42487455
wind_med,DecisionTree_13075251.txt,DecisionTreeRegressor,10.0,20,4,-2.44466215,0.41657613
wind_med,DecisionTree_13075251.txt,DecisionTreeRegressor,20.0,2,1,-2.82996182,0.34440403
wind_med,DecisionTree_13075251.txt,DecisionTreeRegressor,20.0,2,2,-2.80017162,0.34898482
wind_med,DecisionTree_13075251.txt,DecisionTreeRegressor,20.0,2,4,-2.73226637,0.36931522
wind_med,DecisionTree_13075251.txt,DecisionTreeRegressor,20.0,5,1,-2.66367573,0.36394453
wind_med,DecisionTree_13075251.txt,DecisionTreeRegressor,20.0,5,2,-2.75579158,0.33881357
wind_med,DecisionTree_13075251.txt,DecisionTreeRegressor,20.0,5,4,-2.74106416,0.36036837
wind_med,DecisionTree_13075251.txt,DecisionTreeRegressor,20.0,10,1,-2.70626912,0.37518614
wind_med,DecisionTree_13075251.txt,DecisionTreeRegressor,20.0,10,2,-2.65217849,0.39180424
wind_med,DecisionTree_13075251.txt,DecisionTreeRegressor,20.0,10,4,-2.67109485,0.34208845
wind_med,DecisionTree_13075251.txt,DecisionTreeRegressor,20.0,20,1,-2.67045617,0.35683348
wind_med,DecisionTree_13075251.txt,DecisionTreeRegressor,20.0,20,2,-2.65961515,0.35512642
wind_med,DecisionTree_13075251.txt,DecisionTreeRegressor,20.0,20,4,-2.60323705,0.35296687
wind_med,DecisionTree_13075251.txt,DecisionTreeRegressor,30.0,2,1,-2.85652262,0.34734888
wind_med,DecisionTree_13075251.txt,DecisionTreeRegressor,30.0,2,2,-2.85614567,0.38110199
wind_med,DecisionTree_13075251.txt,DecisionTreeRegressor,30.0,2,4,-2.7679053,0.34467475
wind_med,DecisionTree_13075251.txt,DecisionTreeRegressor,30.0,5,1,-2.66275455,0.37123023
wind_med,DecisionTree_13075251.txt,DecisionTreeRegressor,30.0,5,2,-2.75313026,0.36430301
wind_med,DecisionTree_13075251.txt,DecisionTreeRegressor,30.0,5,4,-2.76984677,0.34933215
wind_med,DecisionTree_13075251.txt,DecisionTreeRegressor,30.0,10,1,-2.7173155,0.34985803
wind_med,DecisionTree_13075251.txt,DecisionTreeRegressor,30.0,10,2,-2.64436479,0.39997109
wind_med,DecisionTree_13075251.txt,DecisionTreeRegressor,30.0,10,4,-2.67802862,0.36201754
wind_med,DecisionTree_13075251.txt,DecisionTreeRegressor,30.0,20,1,-2.6709525,0.35446013
wind_med,DecisionTree_13075251.txt,DecisionTreeRegressor,30.0,20,2,-2.67224862,0.3458843
wind_med,DecisionTree_13075251.txt,DecisionTreeRegressor,30.0,20,4,-2.60975317,0.35063437
shww_max,DecisionTree_13075251.txt,DecisionTreeRegressor,None,2,1,-1.28988434,0.4704464
shww_max,DecisionTree_13075251.txt,DecisionTreeRegressor,None,2,2,-1.26085343,0.45437462
shww_max,DecisionTree_13075251.txt,DecisionTreeRegressor,None,2,4,-1.2358569,0.43892333
shww_max,DecisionTree_13075251.txt,DecisionTreeRegressor,None,5,1,-1.28407057,0.47978391
shww_max,DecisionTree_13075251.txt,DecisionTreeRegressor,None,5,2,-1.20055948,0.4309533
shww_max,DecisionTree_13075251.txt,DecisionTreeRegressor,None,5,4,-1.22610303,0.48461947
shww_max,DecisionTree_13075251.txt,DecisionTreeRegressor,None,10,1,-1.19475401,0.48396387
shww_max,DecisionTree_13075251.txt,DecisionTreeRegressor,None,10,2,-1.2124146,0.50241547
shww_max,DecisionTree_13075251.txt,DecisionTreeRegressor,None,10,4,-1.20774126,0.46518968
shww_max,DecisionTree_13075251.txt,DecisionTreeRegressor,None,20,1,-1.21357278,0.47128471
shww_max,DecisionTree_13075251.txt,DecisionTreeRegressor,None,20,2,-1.19471475,0.46649761
shww_max,DecisionTree_13075251.txt,DecisionTreeRegressor,None,20,4,-1.14714438,0.4608589
shww_max,DecisionTree_13075251.txt,DecisionTreeRegressor,5.0,2,1,-1.05237742,0.52385021
shww_max,DecisionTree_13075251.txt,DecisionTreeRegressor,5.0,2,2,-1.03823114,0.51116915
shww_max,DecisionTree_13075251.txt,DecisionTreeRegressor,5.0,2,4,-1.03898846,0.50423253
shww_max,DecisionTree_13075251.txt,DecisionTreeRegressor,5.0,5,1,-1.05946016,0.51807612
shww_max,DecisionTree_13075251.txt,DecisionTreeRegressor,5.0,5,2,-1.03397239,0.48977641
shww_max,DecisionTree_13075251.txt,DecisionTreeRegressor,5.0,5,4,-1.03467811,0.49600697
shww_max,DecisionTree_13075251.txt,DecisionTreeRegressor,5.0,10,1,-1.05270735,0.51168497
shww_max,DecisionTree_13075251.txt,DecisionTreeRegressor,5.0,10,2,-1.04686029,0.4944377
shww_max,DecisionTree_13075251.txt,DecisionTreeRegressor,5.0,10,4,-1.06599909,0.5221318
shww_max,DecisionTree_13075251.txt,DecisionTreeRegressor,5.0,20,1,-1.07288447,0.53891543
shww_max,DecisionTree_13075251.txt,DecisionTreeRegressor,5.0,20,2,-1.06290909,0.50518691
shww_max,DecisionTree_13075251.txt,DecisionTreeRegressor,5.0,20,4,-1.05369897,0.50822829
shww_max,DecisionTree_13075251.txt,DecisionTreeRegressor,10.0,2,1,-1.16524365,0.47542841
shww_max,DecisionTree_13075251.txt,DecisionTreeRegressor,10.0,2,2,-1.17991592,0.47722807
shww_max,DecisionTree_13075251.txt,DecisionTreeRegressor,10.0,2,4,-1.17079128,0.47804016
shww_max,DecisionTree_13075251.txt,DecisionTreeRegressor,10.0,5,1,-1.20049623,0.50666756
shww_max,DecisionTree_13075251.txt,DecisionTreeRegressor,10.0,5,2,-1.16862795,0.49654339
shww_max,DecisionTree_13075251.txt,DecisionTreeRegressor,10.0,5,4,-1.14008146,0.45687311
shww_max,DecisionTree_13075251.txt,DecisionTreeRegressor,10.0,10,1,-1.12018618,0.46863306
shww_max,DecisionTree_13075251.txt,DecisionTreeRegressor,10.0,10,2,-1.10805481,0.46693153
shww_max,DecisionTree_13075251.txt,DecisionTreeRegressor,10.0,10,4,-1.16919137,0.52226784
shww_max,DecisionTree_13075251.txt,DecisionTreeRegressor,10.0,20,1,-1.15078384,0.52436249
shww_max,DecisionTree_13075251.txt,DecisionTreeRegressor,10.0,20,2,-1.15030379,0.50975939
shww_max,DecisionTree_13075251.txt,DecisionTreeRegressor,10.0,20,4,-1.09866292,0.46768668
shww_max,DecisionTree_13075251.txt,DecisionTreeRegressor,20.0,2,1,-1.23324715,0.46104498
shww_max,DecisionTree_13075251.txt,DecisionTreeRegressor,20.0,2,2,-1.28295526,0.46916329
shww_max,DecisionTree_13075251.txt,DecisionTreeRegressor,20.0,2,4,-1.2341863,0.49015439
shww_max,DecisionTree_13075251.txt,DecisionTreeRegressor,20.0,5,1,-1.21048459,0.45913072
shww_max,DecisionTree_13075251.txt,DecisionTreeRegressor,20.0,5,2,-1.20898678,0.46157593
shww_max,DecisionTree_13075251.txt,DecisionTreeRegressor,20.0,5,4,-1.18648778,0.45479518
shww_max,DecisionTree_13075251.txt,DecisionTreeRegressor,20.0,10,1,-1.20844144,0.48361924
shww_max,DecisionTree_13075251.txt,DecisionTreeRegressor,20.0,10,2,-1.18390208,0.48324963
shww_max,DecisionTree_13075251.txt,DecisionTreeRegressor,20.0,10,4,-1.21861347,0.49609653
shww_max,DecisionTree_13075251.txt,DecisionTreeRegressor,20.0,20,1,-1.18785002,0.47105454
shww_max,DecisionTree_13075251.txt,DecisionTreeRegressor,20.0,20,2,-1.20474079,0.48512446
shww_max,DecisionTree_13075251.txt,DecisionTreeRegressor,20.0,20,4,-1.12828553,0.44110317
shww_max,DecisionTree_13075251.txt,DecisionTreeRegressor,30.0,2,1,-1.27341843,0.45943135
shww_max,DecisionTree_13075251.txt,DecisionTreeRegressor,30.0,2,2,-1.26514026,0.46607378
shww_max,DecisionTree_13075251.txt,DecisionTreeRegressor,30.0,2,4,-1.25773028,0.45294686
shww_max,DecisionTree_13075251.txt,DecisionTreeRegressor,30.0,5,1,-1.22334478,0.43459267
shww_max,DecisionTree_13075251.txt,DecisionTreeRegressor,30.0,5,2,-1.20213274,0.48693265
shww_max,DecisionTree_13075251.txt,DecisionTreeRegressor,30.0,5,4,-1.20921132,0.4747472
shww_max,DecisionTree_13075251.txt,DecisionTreeRegressor,30.0,10,1,-1.21773558,0.49827676
shww_max,DecisionTree_13075251.txt,DecisionTreeRegressor,30.0,10,2,-1.18592791,0.47143855
shww_max,DecisionTree_13075251.txt,DecisionTreeRegressor,30.0,10,4,-1.21581307,0.4795145
shww_max,DecisionTree_13075251.txt,DecisionTreeRegressor,30.0,20,1,-1.21533398,0.47884068
shww_max,DecisionTree_13075251.txt,DecisionTreeRegressor,30.0,20,2,-1.19617493,0.46294822
shww_max,DecisionTree_13075251.txt,DecisionTreeRegressor,30.0,20,4,-1.15519137,0.47333622
shww_med,DecisionTree_13075251.txt,DecisionTreeRegressor,None,2,1,-0.96152603,0.43471537
shww_med,DecisionTree_13075251.txt,DecisionTreeRegressor,None,2,2,-0.97394183,0.43863631
shww_med,DecisionTree_13075251.txt,DecisionTreeRegressor,None,2,4,-0.92990614,0.41057524
shww_med,DecisionTree_13075251.txt,DecisionTreeRegressor,None,5,1,-0.91604797,0.4194569
shww_med,DecisionTree_13075251.txt,DecisionTreeRegressor,None,5,2,-0.93671139,0.39658064
shww_med,DecisionTree_13075251.txt,DecisionTreeRegressor,None,5,4,-0.92412057,0.40115939
shww_med,DecisionTree_13075251.txt,DecisionTreeRegressor,None,10,1,-0.94491901,0.41706893
shww_med,DecisionTree_13075251.txt,DecisionTreeRegressor,None,10,2,-0.91504597,0.41625274
shww_med,DecisionTree_13075251.txt,DecisionTreeRegressor,None,10,4,-0.90826764,0.41763484
shww_med,DecisionTree_13075251.txt,DecisionTreeRegressor,None,20,1,-0.91600908,0.44764938
shww_med,DecisionTree_13075251.txt,DecisionTreeRegressor,None,20,2,-0.9142672,0.42725479
shww_med,DecisionTree_13075251.txt,DecisionTreeRegressor,None,20,4,-0.9011966,0.42188873
shww_med,DecisionTree_13075251.txt,DecisionTreeRegressor,5.0,2,1,-0.77466425,0.43605688
shww_med,DecisionTree_13075251.txt,DecisionTreeRegressor,5.0,2,2,-0.75953769,0.41009547
shww_med,DecisionTree_13075251.txt,DecisionTreeRegressor,5.0,2,4,-0.76565542,0.42125217
shww_med,DecisionTree_13075251.txt,DecisionTreeRegressor,5.0,5,1,-0.76011734,0.39186493
shww_med,DecisionTree_13075251.txt,DecisionTreeRegressor,5.0,5,2,-0.74681597,0.3932991
shww_med,DecisionTree_13075251.txt,DecisionTreeRegressor,5.0,5,4,-0.77547766,0.42684884
shww_med,DecisionTree_13075251.txt,DecisionTreeRegressor,5.0,10,1,-0.77268995,0.42496636
shww_med,DecisionTree_13075251.txt,DecisionTreeRegressor,5.0,10,2,-0.76432558,0.41630729
shww_med,DecisionTree_13075251.txt,DecisionTreeRegressor,5.0,10,4,-0.78921763,0.46535393
shww_med,DecisionTree_13075251.txt,DecisionTreeRegressor,5.0,20,1,-0.78103962,0.46509997
shww_med,DecisionTree_13075251.txt,DecisionTreeRegressor,5.0,20,2,-0.780481,0.46303507
shww_med,DecisionTree_13075251.txt,DecisionTreeRegressor,5.0,20,4,-0.78590095,0.45734974
shww_med,DecisionTree_13075251.txt,DecisionTreeRegressor,10.0,2,1,-0.88557424,0.42923491
shww_med,DecisionTree_13075251.txt,DecisionTreeRegressor,10.0,2,2,-0.89113874,0.4403162
shww_med,DecisionTree_13075251.txt,DecisionTreeRegressor,10.0,2,4,-0.89553175,0.42877522
shww_med,DecisionTree_13075251.txt,DecisionTreeRegressor,10.0,5,1,-0.88642689,0.42111421
shww_med,DecisionTree_13075251.txt,DecisionTreeRegressor,10.0,5,2,-0.89273626,0.42188387
shww_med,DecisionTree_13075251.txt,DecisionTreeRegressor,10.0,5,4,-0.88431606,0.41946917
shww_med,DecisionTree_13075251.txt,DecisionTreeRegressor,10.0,10,1,-0.86110477,0.38282859
shww_med,DecisionTree_13075251.txt,DecisionTreeRegressor,10.0,10,2,-0.85799566,0.39503738
shww_med,DecisionTree_13075251.txt,DecisionTreeRegressor,10.0,10,4,-0.873595,0.42328075
shww_med,DecisionTree_13075251.txt,DecisionTreeRegressor,10.0,20,1,-0.87270073,0.4168735
shww_med,DecisionTree_13075251.txt,DecisionTreeRegressor,10.0,20,2,-0.86853966,0.41974853
shww_med,DecisionTree_13075251.txt,DecisionTreeRegressor,10.0,20,4,-0.88094523,0.4477137
shww_med,DecisionTree_13075251.txt,DecisionTreeRegressor,20.0,2,1,-0.94480968,0.41120125
shww_med,DecisionTree_13075251.txt,DecisionTreeRegressor,20.0,2,2,-0.91998529,0.40541404
shww_med,DecisionTree_13075251.txt,DecisionTreeRegressor,20.0,2,4,-0.93047056,0.39578889
shww_med,DecisionTree_13075251.txt,DecisionTreeRegressor,20.0,5,1,-0.93413545,0.43884444
shww_med,DecisionTree_13075251.txt,DecisionTreeRegressor,20.0,5,2,-0.92069105,0.3967746
shww_med,DecisionTree_13075251.txt,DecisionTreeRegressor,20.0,5,4,-0.94276305,0.38996835
shww_med,DecisionTree_13075251.txt,DecisionTreeRegressor,20.0,10,1,-0.92155507,0.38042094
shww_med,DecisionTree_13075251.txt,DecisionTreeRegressor,20.0,10,2,-0.90268664,0.3908692
shww_med,DecisionTree_13075251.txt,DecisionTreeRegressor,20.0,10,4,-0.90683463,0.41477141
shww_med,DecisionTree_13075251.txt,DecisionTreeRegressor,20.0,20,1,-0.92625986,0.44287401
shww_med,DecisionTree_13075251.txt,DecisionTreeRegressor,20.0,20,2,-0.90465732,0.42545495
shww_med,DecisionTree_13075251.txt,DecisionTreeRegressor,20.0,20,4,-0.90642022,0.43780755
shww_med,DecisionTree_13075251.txt,DecisionTreeRegressor,30.0,2,1,-0.94009316,0.39437886
shww_med,DecisionTree_13075251.txt,DecisionTreeRegressor,30.0,2,2,-0.96101711,0.4280852
shww_med,DecisionTree_13075251.txt,DecisionTreeRegressor,30.0,2,4,-0.94122314,0.40916245
shww_med,DecisionTree_13075251.txt,DecisionTreeRegressor,30.0,5,1,-0.92306457,0.41459417
shww_med,DecisionTree_13075251.txt,DecisionTreeRegressor,30.0,5,2,-0.93040322,0.39306773
shww_med,DecisionTree_13075251.txt,DecisionTreeRegressor,30.0,5,4,-0.937121,0.41488154
shww_med,DecisionTree_13075251.txt,DecisionTreeRegressor,30.0,10,1,-0.9360365,0.40107122
shww_med,DecisionTree_13075251.txt,DecisionTreeRegressor,30.0,10,2,-0.91458278,0.41835118
shww_med,DecisionTree_13075251.txt,DecisionTreeRegressor,30.0,10,4,-0.91075903,0.43154063
shww_med,DecisionTree_13075251.txt,DecisionTreeRegressor,30.0,20,1,-0.91058348,0.41486864
shww_med,DecisionTree_13075251.txt,DecisionTreeRegressor,30.0,20,2,-0.92327082,0.44007011
shww_med,DecisionTree_13075251.txt,DecisionTreeRegressor,30.0,20,4,-0.89612797,0.41791582
mdts_sin,DecisionTree_13075251.txt,DecisionTreeRegressor,None,2,1,-0.12562746,0.06062239
mdts_sin,DecisionTree_13075251.txt,DecisionTreeRegressor,None,2,2,-0.11745035,0.05212963
mdts_sin,DecisionTree_13075251.txt,DecisionTreeRegressor,None,2,4,-0.12137561,0.05418181
mdts_sin,DecisionTree_13075251.txt,DecisionTreeRegressor,None,5,1,-0.11774746,0.05076328
mdts_sin,DecisionTree_13075251.txt,DecisionTreeRegressor,None,5,2,-0.12280284,0.05663585
mdts_sin,DecisionTree_13075251.txt,DecisionTreeRegressor,None,5,4,-0.1194234,0.05217205
mdts_sin,DecisionTree_13075251.txt,DecisionTreeRegressor,None,10,1,-0.12038196,0.05288557
mdts_sin,DecisionTree_13075251.txt,DecisionTreeRegressor,None,10,2,-0.11632144,0.05308298
mdts_sin,DecisionTree_13075251.txt,DecisionTreeRegressor,None,10,4,-0.11099117,0.04478721
mdts_sin,DecisionTree_13075251.txt,DecisionTreeRegressor,None,20,1,-0.10915559,0.044375
mdts_sin,DecisionTree_13075251.txt,DecisionTreeRegressor,None,20,2,-0.10874742,0.04476666
mdts_sin,DecisionTree_13075251.txt,DecisionTreeRegressor,None,20,4,-0.10643572,0.04449212
mdts_sin,DecisionTree_13075251.txt,DecisionTreeRegressor,5.0,2,1,-0.09540866,0.04924729
mdts_sin,DecisionTree_13075251.txt,DecisionTreeRegressor,5.0,2,2,-0.09744244,0.05362227
mdts_sin,DecisionTree_13075251.txt,DecisionTreeRegressor,5.0,2,4,-0.09667886,0.05265961
mdts_sin,DecisionTree_13075251.txt,DecisionTreeRegressor,5.0,5,1,-0.0947728,0.05234591
mdts_sin,DecisionTree_13075251.txt,DecisionTreeRegressor,5.0,5,2,-0.10080518,0.05162131
mdts_sin,DecisionTree_13075251.txt,DecisionTreeRegressor,5.0,5,4,-0.10128788,0.05218257
mdts_sin,DecisionTree_13075251.txt,DecisionTreeRegressor,5.0,10,1,-0.10094371,0.05198723
mdts_sin,DecisionTree_13075251.txt,DecisionTreeRegressor,5.0,10,2,-0.09998341,0.05164747
mdts_sin,DecisionTree_13075251.txt,DecisionTreeRegressor,5.0,10,4,-0.09402423,0.04740865
mdts_sin,DecisionTree_13075251.txt,DecisionTreeRegressor,5.0,20,1,-0.09503645,0.04753564
mdts_sin,DecisionTree_13075251.txt,DecisionTreeRegressor,5.0,20,2,-0.09493038,0.04711137
mdts_sin,DecisionTree_13075251.txt,DecisionTreeRegressor,5.0,20,4,-0.09358326,0.0466359
mdts_sin,DecisionTree_13075251.txt,DecisionTreeRegressor,10.0,2,1,-0.11703925,0.06601963
mdts_sin,DecisionTree_13075251.txt,DecisionTreeRegressor,10.0,2,2,-0.11442971,0.06084154
mdts_sin,DecisionTree_13075251.txt,DecisionTreeRegressor,10.0,2,4,-0.11298291,0.05813372
mdts_sin,DecisionTree_13075251.txt,DecisionTreeRegressor,10.0,5,1,-0.11074994,0.05666559
mdts_sin,DecisionTree_13075251.txt,DecisionTreeRegressor,10.0,5,2,-0.1127417,0.05972999
mdts_sin,DecisionTree_13075251.txt,DecisionTreeRegressor,10.0,5,4,-0.11372808,0.06068199
mdts_sin,DecisionTree_13075251.txt,DecisionTreeRegressor,10.0,10,1,-0.11150285,0.05731001
mdts_sin,DecisionTree_13075251.txt,DecisionTreeRegressor,10.0,10,2,-0.10903859,0.05553079
mdts_sin,DecisionTree_13075251.txt,DecisionTreeRegressor,10.0,10,4,-0.1027291,0.04827826
mdts_sin,DecisionTree_13075251.txt,DecisionTreeRegressor,10.0,20,1,-0.10240656,0.04618038
mdts_sin,DecisionTree_13075251.txt,DecisionTreeRegressor,10.0,20,2,-0.10388581,0.0479368
mdts_sin,DecisionTree_13075251.txt,DecisionTreeRegressor,10.0,20,4,-0.10181423,0.04600536
mdts_sin,DecisionTree_13075251.txt,DecisionTreeRegressor,20.0,2,1,-0.11278069,0.05064532
mdts_sin,DecisionTree_13075251.txt,DecisionTreeRegressor,20.0,2,2,-0.1195982,0.05781891
mdts_sin,DecisionTree_13075251.txt,DecisionTreeRegressor,20.0,2,4,-0.11785867,0.05310336
mdts_sin,DecisionTree_13075251.txt,DecisionTreeRegressor,20.0,5,1,-0.11382343,0.05284054
mdts_sin,DecisionTree_13075251.txt,DecisionTreeRegressor,20.0,5,2,-0.11923405,0.05812811
mdts_sin,DecisionTree_13075251.txt,DecisionTreeRegressor,20.0,5,4,-0.12089098,0.0571254
mdts_sin,DecisionTree_13075251.txt,DecisionTreeRegressor,20.0,10,1,-0.11809803,0.0540916
mdts_sin,DecisionTree_13075251.txt,DecisionTreeRegressor,20.0,10,2,-0.11381496,0.05378
mdts_sin,DecisionTree_13075251.txt,DecisionTreeRegressor,20.0,10,4,-0.10752428,0.04443817
mdts_sin,DecisionTree_13075251.txt,DecisionTreeRegressor,20.0,20,1,-0.10756798,0.04389421
mdts_sin,DecisionTree_13075251.txt,DecisionTreeRegressor,20.0,20,2,-0.10814179,0.04485867
mdts_sin,DecisionTree_13075251.txt,DecisionTreeRegressor,20.0,20,4,-0.10617568,0.0441863
mdts_sin,DecisionTree_13075251.txt,DecisionTreeRegressor,30.0,2,1,-0.12633143,0.05732048
mdts_sin,DecisionTree_13075251.txt,DecisionTreeRegressor,30.0,2,2,-0.12339841,0.0510353
mdts_sin,DecisionTree_13075251.txt,DecisionTreeRegressor,30.0,2,4,-0.12188632,0.05098994
mdts_sin,DecisionTree_13075251.txt,DecisionTreeRegressor,30.0,5,1,-0.11826873,0.05135866
mdts_sin,DecisionTree_13075251.txt,DecisionTreeRegressor,30.0,5,2,-0.12210525,0.05668475
mdts_sin,DecisionTree_13075251.txt,DecisionTreeRegressor,30.0,5,4,-0.12004874,0.05692756
mdts_sin,DecisionTree_13075251.txt,DecisionTreeRegressor,30.0,10,1,-0.12067106,0.05443328
mdts_sin,DecisionTree_13075251.txt,DecisionTreeRegressor,30.0,10,2,-0.1160774,0.05207012
mdts_sin,DecisionTree_13075251.txt,DecisionTreeRegressor,30.0,10,4,-0.10849018,0.04526919
mdts_sin,DecisionTree_13075251.txt,DecisionTreeRegressor,30.0,20,1,-0.10841901,0.04637635
mdts_sin,DecisionTree_13075251.txt,DecisionTreeRegressor,30.0,20,2,-0.10871647,0.04300585
mdts_sin,DecisionTree_13075251.txt,DecisionTreeRegressor,30.0,20,4,-0.10668514,0.04465483
mdts_cos,DecisionTree_13075251.txt,DecisionTreeRegressor,None,2,1,-0.14789594,0.06482478
mdts_cos,DecisionTree_13075251.txt,DecisionTreeRegressor,None,2,2,-0.14453708,0.05569639
mdts_cos,DecisionTree_13075251.txt,DecisionTreeRegressor,None,2,4,-0.14032644,0.05654358
mdts_cos,DecisionTree_13075251.txt,DecisionTreeRegressor,None,5,1,-0.14195406,0.05926438
mdts_cos,DecisionTree_13075251.txt,DecisionTreeRegressor,None,5,2,-0.14026122,0.06142372
mdts_cos,DecisionTree_13075251.txt,DecisionTreeRegressor,None,5,4,-0.14013483,0.06045332
mdts_cos,DecisionTree_13075251.txt,DecisionTreeRegressor,None,10,1,-0.13976338,0.0657799
mdts_cos,DecisionTree_13075251.txt,DecisionTreeRegressor,None,10,2,-0.13713518,0.06194917
mdts_cos,DecisionTree_13075251.txt,DecisionTreeRegressor,None,10,4,-0.13255898,0.05219121
mdts_cos,DecisionTree_13075251.txt,DecisionTreeRegressor,None,20,1,-0.13305741,0.05283993
mdts_cos,DecisionTree_13075251.txt,DecisionTreeRegressor,None,20,2,-0.13342489,0.05385909
mdts_cos,DecisionTree_13075251.txt,DecisionTreeRegressor,None,20,4,-0.13127862,0.05622594
mdts_cos,DecisionTree_13075251.txt,DecisionTreeRegressor,5.0,2,1,-0.10819329,0.05196398
mdts_cos,DecisionTree_13075251.txt,DecisionTreeRegressor,5.0,2,2,-0.10858419,0.05113229
mdts_cos,DecisionTree_13075251.txt,DecisionTreeRegressor,5.0,2,4,-0.10790781,0.05183351
mdts_cos,DecisionTree_13075251.txt,DecisionTreeRegressor,5.0,5,1,-0.10785231,0.05130977
mdts_cos,DecisionTree_13075251.txt,DecisionTreeRegressor,5.0,5,2,-0.10982117,0.05163261
mdts_cos,DecisionTree_13075251.txt,DecisionTreeRegressor,5.0,5,4,-0.10856625,0.051341
mdts_cos,DecisionTree_13075251.txt,DecisionTreeRegressor,5.0,10,1,-0.11030914,0.05214754
mdts_cos,DecisionTree_13075251.txt,DecisionTreeRegressor,5.0,10,2,-0.10818119,0.0510462
mdts_cos,DecisionTree_13075251.txt,DecisionTreeRegressor,5.0,10,4,-0.10685445,0.04756873
mdts_cos,DecisionTree_13075251.txt,DecisionTreeRegressor,5.0,20,1,-0.11006215,0.04821174
mdts_cos,DecisionTree_13075251.txt,DecisionTreeRegressor,5.0,20,2,-0.10558094,0.04787992
mdts_cos,DecisionTree_13075251.txt,DecisionTreeRegressor,5.0,20,4,-0.10650948,0.04783156
mdts_cos,DecisionTree_13075251.txt,DecisionTreeRegressor,10.0,2,1,-0.13826438,0.07294677
mdts_cos,DecisionTree_13075251.txt,DecisionTreeRegressor,10.0,2,2,-0.13725551,0.07248879
mdts_cos,DecisionTree_13075251.txt,DecisionTreeRegressor,10.0,2,4,-0.13407603,0.06759893
mdts_cos,DecisionTree_13075251.txt,DecisionTreeRegressor,10.0,5,1,-0.12985067,0.06535652
mdts_cos,DecisionTree_13075251.txt,DecisionTreeRegressor,10.0,5,2,-0.13031886,0.06049466
mdts_cos,DecisionTree_13075251.txt,DecisionTreeRegressor,10.0,5,4,-0.12797082,0.06181243
mdts_cos,DecisionTree_13075251.txt,DecisionTreeRegressor,10.0,10,1,-0.12900448,0.06016667
mdts_cos,DecisionTree_13075251.txt,DecisionTreeRegressor,10.0,10,2,-0.13045035,0.06653827
mdts_cos,DecisionTree_13075251.txt,DecisionTreeRegressor,10.0,10,4,-0.12926538,0.06097806
mdts_cos,DecisionTree_13075251.txt,DecisionTreeRegressor,10.0,20,1,-0.13071022,0.06406537
mdts_cos,DecisionTree_13075251.txt,DecisionTreeRegressor,10.0,20,2,-0.12215531,0.05060348
mdts_cos,DecisionTree_13075251.txt,DecisionTreeRegressor,10.0,20,4,-0.1270656,0.06036665
mdts_cos,DecisionTree_13075251.txt,DecisionTreeRegressor,20.0,2,1,-0.14009226,0.05761494
mdts_cos,DecisionTree_13075251.txt,DecisionTreeRegressor,20.0,2,2,-0.14179569,0.05852565
mdts_cos,DecisionTree_13075251.txt,DecisionTreeRegressor,20.0,2,4,-0.14177395,0.06542918
mdts_cos,DecisionTree_13075251.txt,DecisionTreeRegressor,20.0,5,1,-0.13805048,0.06343835
mdts_cos,DecisionTree_13075251.txt,DecisionTreeRegressor,20.0,5,2,-0.14053415,0.06377538
mdts_cos,DecisionTree_13075251.txt,DecisionTreeRegressor,20.0,5,4,-0.13826318,0.05882671
mdts_cos,DecisionTree_13075251.txt,DecisionTreeRegressor,20.0,10,1,-0.14005252,0.06559478
mdts_cos,DecisionTree_13075251.txt,DecisionTreeRegressor,20.0,10,2,-0.13653053,0.06250557
mdts_cos,DecisionTree_13075251.txt,DecisionTreeRegressor,20.0,10,4,-0.13385278,0.05837625
mdts_cos,DecisionTree_13075251.txt,DecisionTreeRegressor,20.0,20,1,-0.13562166,0.05138899
mdts_cos,DecisionTree_13075251.txt,DecisionTreeRegressor,20.0,20,2,-0.13213371,0.0569228
mdts_cos,DecisionTree_13075251.txt,DecisionTreeRegressor,20.0,20,4,-0.13043403,0.05554023
mdts_cos,DecisionTree_13075251.txt,DecisionTreeRegressor,30.0,2,1,-0.14620652,0.06705627
mdts_cos,DecisionTree_13075251.txt,DecisionTreeRegressor,30.0,2,2,-0.14653167,0.06193254
mdts_cos,DecisionTree_13075251.txt,DecisionTreeRegressor,30.0,2,4,-0.13743106,0.05160209
mdts_cos,DecisionTree_13075251.txt,DecisionTreeRegressor,30.0,5,1,-0.1401511,0.05782943
mdts_cos,DecisionTree_13075251.txt,DecisionTreeRegressor,30.0,5,2,-0.1380475,0.05687284
mdts_cos,DecisionTree_13075251.txt,DecisionTreeRegressor,30.0,5,4,-0.1426704,0.06416987
mdts_cos,DecisionTree_13075251.txt,DecisionTreeRegressor,30.0,10,1,-0.14144012,0.06522912
mdts_cos,DecisionTree_13075251.txt,DecisionTreeRegressor,30.0,10,2,-0.13719434,0.06367561
mdts_cos,DecisionTree_13075251.txt,DecisionTreeRegressor,30.0,10,4,-0.13557528,0.05722692
mdts_cos,DecisionTree_13075251.txt,DecisionTreeRegressor,30.0,20,1,-0.13659459,0.05665181
mdts_cos,DecisionTree_13075251.txt,DecisionTreeRegressor,30.0,20,2,-0.1376049,0.06332781
mdts_cos,DecisionTree_13075251.txt,DecisionTreeRegressor,30.0,20,4,-0.13021084,0.05682794
shts_max,DecisionTree_13075251.txt,DecisionTreeRegressor,None,2,1,-0.75064504,0.20021861
shts_max,DecisionTree_13075251.txt,DecisionTreeRegressor,None,2,2,-0.74007437,0.21475076
shts_max,DecisionTree_13075251.txt,DecisionTreeRegressor,None,2,4,-0.73424756,0.21244419
shts_max,DecisionTree_13075251.txt,DecisionTreeRegressor,None,5,1,-0.70402853,0.19357168
shts_max,DecisionTree_13075251.txt,DecisionTreeRegressor,None,5,2,-0.72198802,0.20238333
shts_max,DecisionTree_13075251.txt,DecisionTreeRegressor,None,5,4,-0.73177939,0.20633368
shts_max,DecisionTree_13075251.txt,DecisionTreeRegressor,None,10,1,-0.71310926,0.20220119
shts_max,DecisionTree_13075251.txt,DecisionTreeRegressor,None,10,2,-0.69554031,0.18969991
shts_max,DecisionTree_13075251.txt,DecisionTreeRegressor,None,10,4,-0.70848521,0.19659234
shts_max,DecisionTree_13075251.txt,DecisionTreeRegressor,None,20,1,-0.71270504,0.20177085
shts_max,DecisionTree_13075251.txt,DecisionTreeRegressor,None,20,2,-0.69997872,0.19848157
shts_max,DecisionTree_13075251.txt,DecisionTreeRegressor,None,20,4,-0.69616003,0.19292017
shts_max,DecisionTree_13075251.txt,DecisionTreeRegressor,5.0,2,1,-0.58778632,0.19521614
shts_max,DecisionTree_13075251.txt,DecisionTreeRegressor,5.0,2,2,-0.57901367,0.19051113
shts_max,DecisionTree_13075251.txt,DecisionTreeRegressor,5.0,2,4,-0.57690507,0.18840581
shts_max,DecisionTree_13075251.txt,DecisionTreeRegressor,5.0,5,1,-0.58132346,0.19228437
shts_max,DecisionTree_13075251.txt,DecisionTreeRegressor,5.0,5,2,-0.58044577,0.19256655
shts_max,DecisionTree_13075251.txt,DecisionTreeRegressor,5.0,5,4,-0.58336372,0.19466161
shts_max,DecisionTree_13075251.txt,DecisionTreeRegressor,5.0,10,1,-0.59196184,0.20293981
shts_max,DecisionTree_13075251.txt,DecisionTreeRegressor,5.0,10,2,-0.57954241,0.18989491
shts_max,DecisionTree_13075251.txt,DecisionTreeRegressor,5.0,10,4,-0.57769933,0.18844904
shts_max,DecisionTree_13075251.txt,DecisionTreeRegressor,5.0,20,1,-0.57874256,0.19041143
shts_max,DecisionTree_13075251.txt,DecisionTreeRegressor,5.0,20,2,-0.57835741,0.18856254
shts_max,DecisionTree_13075251.txt,DecisionTreeRegressor,5.0,20,4,-0.57782198,0.18958923
shts_max,DecisionTree_13075251.txt,DecisionTreeRegressor,10.0,2,1,-0.68953125,0.23059896
shts_max,DecisionTree_13075251.txt,DecisionTreeRegressor,10.0,2,2,-0.67498529,0.20737882
shts_max,DecisionTree_13075251.txt,DecisionTreeRegressor,10.0,2,4,-0.67586906,0.22380287
shts_max,DecisionTree_13075251.txt,DecisionTreeRegressor,10.0,5,1,-0.65925466,0.20562226
shts_max,DecisionTree_13075251.txt,DecisionTreeRegressor,10.0,5,2,-0.66847477,0.21134212
shts_max,DecisionTree_13075251.txt,DecisionTreeRegressor,10.0,5,4,-0.68472487,0.21469586
shts_max,DecisionTree_13075251.txt,DecisionTreeRegressor,10.0,10,1,-0.6765958,0.2091462
shts_max,DecisionTree_13075251.txt,DecisionTreeRegressor,10.0,10,2,-0.66421968,0.1939955
shts_max,DecisionTree_13075251.txt,DecisionTreeRegressor,10.0,10,4,-0.6682755,0.19916908
shts_max,DecisionTree_13075251.txt,DecisionTreeRegressor,10.0,20,1,-0.67401948,0.20847261
shts_max,DecisionTree_13075251.txt,DecisionTreeRegressor,10.0,20,2,-0.67627492,0.21320261
shts_max,DecisionTree_13075251.txt,DecisionTreeRegressor,10.0,20,4,-0.66191531,0.19958642
shts_max,DecisionTree_13075251.txt,DecisionTreeRegressor,20.0,2,1,-0.7326537,0.20575576
shts_max,DecisionTree_13075251.txt,DecisionTreeRegressor,20.0,2,2,-0.73451916,0.21078905
shts_max,DecisionTree_13075251.txt,DecisionTreeRegressor,20.0,2,4,-0.7152462,0.19844613
shts_max,DecisionTree_13075251.txt,DecisionTreeRegressor,20.0,5,1,-0.71346303,0.19268423
shts_max,DecisionTree_13075251.txt,DecisionTreeRegressor,20.0,5,2,-0.72250281,0.18827806
shts_max,DecisionTree_13075251.txt,DecisionTreeRegressor,20.0,5,4,-0.72445452,0.20202061
shts_max,DecisionTree_13075251.txt,DecisionTreeRegressor,20.0,10,1,-0.70896565,0.19623271
shts_max,DecisionTree_13075251.txt,DecisionTreeRegressor,20.0,10,2,-0.69136328,0.19335746
shts_max,DecisionTree_13075251.txt,DecisionTreeRegressor,20.0,10,4,-0.70379794,0.19887419
shts_max,DecisionTree_13075251.txt,DecisionTreeRegressor,20.0,20,1,-0.70597991,0.20033628
shts_max,DecisionTree_13075251.txt,DecisionTreeRegressor,20.0,20,2,-0.71115294,0.2053498
shts_max,DecisionTree_13075251.txt,DecisionTreeRegressor,20.0,20,4,-0.6889251,0.19605289
shts_max,DecisionTree_13075251.txt,DecisionTreeRegressor,30.0,2,1,-0.73765072,0.19962055
shts_max,DecisionTree_13075251.txt,DecisionTreeRegressor,30.0,2,2,-0.74049697,0.21592693
shts_max,DecisionTree_13075251.txt,DecisionTreeRegressor,30.0,2,4,-0.73660761,0.20396041
shts_max,DecisionTree_13075251.txt,DecisionTreeRegressor,30.0,5,1,-0.71886735,0.19618805
shts_max,DecisionTree_13075251.txt,DecisionTreeRegressor,30.0,5,2,-0.72731264,0.19656984
shts_max,DecisionTree_13075251.txt,DecisionTreeRegressor,30.0,5,4,-0.72644573,0.20733215
shts_max,DecisionTree_13075251.txt,DecisionTreeRegressor,30.0,10,1,-0.72430343,0.20774631
shts_max,DecisionTree_13075251.txt,DecisionTreeRegressor,30.0,10,2,-0.69547594,0.19080035
shts_max,DecisionTree_13075251.txt,DecisionTreeRegressor,30.0,10,4,-0.70937446,0.20397983
shts_max,DecisionTree_13075251.txt,DecisionTreeRegressor,30.0,20,1,-0.71154284,0.20030937
shts_max,DecisionTree_13075251.txt,DecisionTreeRegressor,30.0,20,2,-0.70878642,0.20862999
shts_max,DecisionTree_13075251.txt,DecisionTreeRegressor,30.0,20,4,-0.69011436,0.19328515
shts_med,DecisionTree_13075251.txt,DecisionTreeRegressor,None,2,1,-0.66533207,0.15233809
shts_med,DecisionTree_13075251.txt,DecisionTreeRegressor,None,2,2,-0.67100289,0.16599719
shts_med,DecisionTree_13075251.txt,DecisionTreeRegressor,None,2,4,-0.65808967,0.16956534
shts_med,DecisionTree_13075251.txt,DecisionTreeRegressor,None,5,1,-0.65095928,0.16561195
shts_med,DecisionTree_13075251.txt,DecisionTreeRegressor,None,5,2,-0.64520484,0.16412495
shts_med,DecisionTree_13075251.txt,DecisionTreeRegressor,None,5,4,-0.65859484,0.15301546
shts_med,DecisionTree_13075251.txt,DecisionTreeRegressor,None,10,1,-0.64348253,0.15891241
shts_med,DecisionTree_13075251.txt,DecisionTreeRegressor,None,10,2,-0.61773406,0.14834483
shts_med,DecisionTree_13075251.txt,DecisionTreeRegressor,None,10,4,-0.63035214,0.15418047
shts_med,DecisionTree_13075251.txt,DecisionTreeRegressor,None,20,1,-0.63733914,0.15718844
shts_med,DecisionTree_13075251.txt,DecisionTreeRegressor,None,20,2,-0.63565513,0.15145601
shts_med,DecisionTree_13075251.txt,DecisionTreeRegressor,None,20,4,-0.61757827,0.14845621
shts_med,DecisionTree_13075251.txt,DecisionTreeRegressor,5.0,2,1,-0.54010438,0.16542751
shts_med,DecisionTree_13075251.txt,DecisionTreeRegressor,5.0,2,2,-0.55488013,0.17704219
shts_med,DecisionTree_13075251.txt,DecisionTreeRegressor,5.0,2,4,-0.54772665,0.16147928
shts_med,DecisionTree_13075251.txt,DecisionTreeRegressor,5.0,5,1,-0.53897439,0.17180994
shts_med,DecisionTree_13075251.txt,DecisionTreeRegressor,5.0,5,2,-0.53602577,0.1551887
shts_med,DecisionTree_13075251.txt,DecisionTreeRegressor,5.0,5,4,-0.53501697,0.15512294
shts_med,DecisionTree_13075251.txt,DecisionTreeRegressor,5.0,10,1,-0.53738519,0.15746641
shts_med,DecisionTree_13075251.txt,DecisionTreeRegressor,5.0,10,2,-0.54030671,0.16281948
shts_med,DecisionTree_13075251.txt,DecisionTreeRegressor,5.0,10,4,-0.5264792,0.1521442
shts_med,DecisionTree_13075251.txt,DecisionTreeRegressor,5.0,20,1,-0.5276749,0.15042853
shts_med,DecisionTree_13075251.txt,DecisionTreeRegressor,5.0,20,2,-0.52580237,0.15030075
shts_med,DecisionTree_13075251.txt,DecisionTreeRegressor,5.0,20,4,-0.52873083,0.15121022
shts_med,DecisionTree_13075251.txt,DecisionTreeRegressor,10.0,2,1,-0.63136074,0.17775307
shts_med,DecisionTree_13075251.txt,DecisionTreeRegressor,10.0,2,2,-0.61547399,0.17053024
shts_med,DecisionTree_13075251.txt,DecisionTreeRegressor,10.0,2,4,-0.61030437,0.16838081
shts_med,DecisionTree_13075251.txt,DecisionTreeRegressor,10.0,5,1,-0.63316893,0.18685316
shts_med,DecisionTree_13075251.txt,DecisionTreeRegressor,10.0,5,2,-0.61525099,0.16552744
shts_med,DecisionTree_13075251.txt,DecisionTreeRegressor,10.0,5,4,-0.60841108,0.1610406
shts_med,DecisionTree_13075251.txt,DecisionTreeRegressor,10.0,10,1,-0.59744585,0.15780743
shts_med,DecisionTree_13075251.txt,DecisionTreeRegressor,10.0,10,2,-0.60860533,0.16895523
shts_med,DecisionTree_13075251.txt,DecisionTreeRegressor,10.0,10,4,-0.59606485,0.1514491
shts_med,DecisionTree_13075251.txt,DecisionTreeRegressor,10.0,20,1,-0.60396662,0.1554482
shts_med,DecisionTree_13075251.txt,DecisionTreeRegressor,10.0,20,2,-0.60265135,0.16013375
shts_med,DecisionTree_13075251.txt,DecisionTreeRegressor,10.0,20,4,-0.59084177,0.14777016
shts_med,DecisionTree_13075251.txt,DecisionTreeRegressor,20.0,2,1,-0.67385975,0.17584529
shts_med,DecisionTree_13075251.txt,DecisionTreeRegressor,20.0,2,2,-0.66773763,0.15947301
shts_med,DecisionTree_13075251.txt,DecisionTreeRegressor,20.0,2,4,-0.67533661,0.18692563
shts_med,DecisionTree_13075251.txt,DecisionTreeRegressor,20.0,5,1,-0.63946205,0.15793074
shts_med,DecisionTree_13075251.txt,DecisionTreeRegressor,20.0,5,2,-0.645497,0.15728944
shts_med,DecisionTree_13075251.txt,DecisionTreeRegressor,20.0,5,4,-0.65912122,0.1615692
shts_med,DecisionTree_13075251.txt,DecisionTreeRegressor,20.0,10,1,-0.65612236,0.16860382
shts_med,DecisionTree_13075251.txt,DecisionTreeRegressor,20.0,10,2,-0.62925438,0.14125225
shts_med,DecisionTree_13075251.txt,DecisionTreeRegressor,20.0,10,4,-0.63975765,0.15724378
shts_med,DecisionTree_13075251.txt,DecisionTreeRegressor,20.0,20,1,-0.63478378,0.15187368
shts_med,DecisionTree_13075251.txt,DecisionTreeRegressor,20.0,20,2,-0.63758463,0.15906254
shts_med,DecisionTree_13075251.txt,DecisionTreeRegressor,20.0,20,4,-0.61773504,0.14648581
shts_med,DecisionTree_13075251.txt,DecisionTreeRegressor,30.0,2,1,-0.66314711,0.16341198
shts_med,DecisionTree_13075251.txt,DecisionTreeRegressor,30.0,2,2,-0.66888959,0.17723498
shts_med,DecisionTree_13075251.txt,DecisionTreeRegressor,30.0,2,4,-0.66630248,0.17995271
shts_med,DecisionTree_13075251.txt,DecisionTreeRegressor,30.0,5,1,-0.65071613,0.17073535
shts_med,DecisionTree_13075251.txt,DecisionTreeRegressor,30.0,5,2,-0.65418902,0.1616197
shts_med,DecisionTree_13075251.txt,DecisionTreeRegressor,30.0,5,4,-0.64805387,0.14748899
shts_med,DecisionTree_13075251.txt,DecisionTreeRegressor,30.0,10,1,-0.63523881,0.14601984
shts_med,DecisionTree_13075251.txt,DecisionTreeRegressor,30.0,10,2,-0.62928812,0.15074515
shts_med,DecisionTree_13075251.txt,DecisionTreeRegressor,30.0,10,4,-0.63916759,0.15324839
shts_med,DecisionTree_13075251.txt,DecisionTreeRegressor,30.0,20,1,-0.63590931,0.15637312
shts_med,DecisionTree_13075251.txt,DecisionTreeRegressor,30.0,20,2,-0.63166895,0.15369267
shts_med,DecisionTree_13075251.txt,DecisionTreeRegressor,30.0,20,4,-0.61868265,0.15457334
